Q0050	0.94118
Q0080	1.21705
Q0085	1.29457
Q0130	1.21705
Q0250	0.77778
Q0275	0.75
R0020C	1.17699
R0030W	0.66667
YAL001C	0.875
YAL002W	1.21226
YAL003W	1.03333
YAL004W	0.94118
YAL005C	1.09028
YAL007C	1.75
YAL009W	0.93333
YAL010C	0.92857
YAL011W	1.05929
YAL012W	0.99138
YAL013W	0.88889
YAL014C	0.97802
YAL015C	1.95281
YAL016W	1.28254
YAL017W	1.14527
YAL018C	1.26241
YAL019W	1.01017
YAL021C	2.38845
YAL022C	1.16529
YAL023C	0.97297
YAL024C	1.03448
YAL025C	0.83333
YAL026C	0.89286
YAL027W	1.13143
YAL028W	1.00704
YAL029C	1.10915
YAL030W	0.88889
YAL031C	1.05279
YAL032C	1.2233
YAL033W	0.75
YAL034C	1.02041
YAL034W-A	1.0
YAL035W	1.17544
YAL036C	1.50259
YAL038W	0.8
YAL040C	1.10029
YAL041W	1.12654
YAL042W	0.93939
YAL043C	1.50968
YAL045C	0.96923
YAL047C	1.0
YAL048C	0.96774
YAL049C	0.92593
YAL051W	0.0
YAL053W	0.88095
YAL054C	0.95918
YAL055W	1.0
YAL056W	1.0
YAL058W	0.33333
YAL059W	1.10156
YAL060W	0.97959
YAL061W	0.94737
YAL062W	0.94444
YAL063C-A	0.5
YAL064W	0.97321
YAL064W-B	0.0
YAL066W	0.99242
YAL067C	0.9875
YAL069W	0.95833
YAR002C-A	0.98276
YAR002W	1.12996
YAR003W	1.2259
YAR007C	1.9736
YAR008W	0.99359
YAR014C	1.2341
YAR018C	1.06114
YAR019C	1.37086
YAR023C	0.94444
YAR027W	1.5444
YAR028W	1.18543
YAR030C	0.99242
YAR031W	1.08711
YAR033W	1.35294
YAR035W	0.96899
YAR042W	0.96875
YAR047C	0.90909
YAR064W	0.98969
YAR066W	0.9322
YAR068W	0.95833
YAR069C	0.0
YAR071W	0.96667
YAR073W	0.98649
YBL001C	0.94545
YBL002W	1.19932
YBL003C	1.02051
YBL004W	1.47879
YBL005W	1.15417
YBL005W-B	0.95833
YBL006C	0.83333
YBL007C	1.50458
YBL008W	1.02985
YBL009W	1.01471
YBL010C	0.66667
YBL013W	0.99535
YBL014C	0.9
YBL015W	1.08889
YBL016W	1.23684
YBL017C	0.91667
YBL018C	0.9
YBL019W	0.90909
YBL020W	0.66667
YBL021C	1.42444
YBL022C	1.03571
YBL023C	1.02344
YBL024W	0.84615
YBL025W	1.08
YBL026W	1.87574
YBL027W	1.13127
YBL029W	0.75
YBL030C	1.49778
YBL031W	0.97436
YBL032W	1.16327
YBL033C	0.0
YBL034C	1.06897
YBL035C	1.11364
YBL036C	1.51417
YBL037W	0.94737
YBL038W	0.97403
YBL039C	1.55094
YBL040C	1.5
YBL041W	1.34234
YBL042C	0.86667
YBL043W	0.98305
YBL044W	0.875
YBL045C	1.17117
YBL046W	0.94737
YBL047C	1.00595
YBL049W	1.40512
YBL050W	0.95714
YBL051C	0.94595
YBL052C	0.92
YBL053W	0.97794
YBL054W	0.88889
YBL056W	1.40139
YBL058W	1.03623
YBL059W	0.98561
YBL061C	0.91525
YBL063W	0.9697
YBL064C	0.91304
YBL065W	0.98901
YBL066C	0.98058
YBL067C	0.95455
YBL068W	0.85714
YBL071C	0.96721
YBL072C	0.97468
YBL074C	1.17647
YBL075C	1.57866
YBL076C	1.04825
YBL078C	0.76923
YBL079W	1.02581
YBL080C	0.71429
YBL081W	0.33333
YBL082C	0.83333
YBL084C	2.77778
YBL085W	1.26338
YBL086C	0.5
YBL088C	0.92593
YBL089W	0.96528
YBL090W	1.16279
YBL091C	0.85714
YBL092W	0.95745
YBL093C	1.39053
YBL094C	0.99441
YBL095W	0.95
YBL097W	0.91667
YBL098W	0.93333
YBL099W	2.01292
YBL100C	0.0
YBL100W-A	0.78571
YBL101C	0.98361
YBL102W	0.94872
YBL103C	1.09417
YBL104C	1.08271
YBL105C	1.11255
YBL106C	0.92593
YBL107C	0.0
YBL108W	0.97872
YBL112C	0.97917
YBL113C	0.0
YBR001C	1.0
YBR003W	0.98675
YBR004C	0.8
YBR006W	0.71429
YBR007C	0.9
YBR008C	0.97917
YBR010W	1.20623
YBR011C	1.21585
YBR012C	0.0
YBR012W-B	0.95349
YBR013C	0.5
YBR014C	0.98551
YBR015C	0.96154
YBR017C	2.19518
YBR018C	1.34821
YBR019C	1.6108
YBR020W	2.13671
YBR021W	0.83333
YBR023C	0.8125
YBR024W	0.875
YBR025C	1.05729
YBR027C	0.96721
YBR028C	0.95536
YBR029C	0.94444
YBR033W	0.0
YBR034C	0.93548
YBR035C	1.0
YBR036C	2.85106
YBR037C	0.5
YBR038W	0.98276
YBR039W	1.40618
YBR040W	0.9878
YBR041W	0.96667
YBR042C	0.96296
YBR043C	0.8125
YBR044C	0.86885
YBR045C	1.04386
YBR047W	0.98198
YBR049C	0.96341
YBR050C	1.03318
YBR052C	0.85714
YBR053C	0.96296
YBR054W	1.10993
YBR055C	2.31571
YBR056W	0.0
YBR057C	0.95745
YBR058C	0.8
YBR058C-A	1.0
YBR059C	1.11333
YBR060C	1.04846
YBR061C	0.80822
YBR063C	0.90909
YBR064W	0.33333
YBR065C	1.05085
YBR066C	1.0
YBR067C	0.97761
YBR068C	0.98077
YBR069C	1.42826
YBR070C	0.8
YBR072W	2.04027
YBR073W	1.00556
YBR074W	1.00562
YBR076W	0.99242
YBR077C	0.33333
YBR078W	0.9
YBR079C	1.18978
YBR080C	1.19481
YBR081C	1.54598
YBR082C	1.01538
YBR083W	1.08642
YBR084W	1.02941
YBR085W	1.39844
YBR086C	0.7
YBR087W	1.27143
YBR088C	1.35971
YBR089C-A	1.19697
YBR089W	0.95238
YBR090C	0.66667
YBR091C	0.97436
YBR093C	1.0
YBR094W	0.95238
YBR095C	1.0404
YBR096W	0.66667
YBR097W	0.5
YBR098W	1.18223
YBR099C	0.9798
YBR101C	0.91129
YBR102C	1.00327
YBR103W	1.31298
YBR105C	0.98592
YBR106W	2.43669
YBR107C	0.95652
YBR108W	1.48786
YBR109C	1.7381
YBR109W-A	0.99029
YBR110W	2.42029
YBR111W-A	1.19048
YBR112C	1.02484
YBR113W	0.98305
YBR114W	1.3565
YBR115C	0.75
YBR116C	0.9
YBR117C	0.95833
YBR118W	1.92704
YBR119W	1.42
YBR120C	0.94872
YBR121C	0.91304
YBR122C	1.0
YBR123C	0.88235
YBR124W	0.95652
YBR125C	0.95652
YBR126C	1.17757
YBR127C	2.15779
YBR128C	0.96396
YBR129C	0.98718
YBR130C	1.21495
YBR131W	0.57143
YBR132C	1.3
YBR133C	0.98936
YBR134W	0.88889
YBR135W	1.07718
YBR136W	1.21717
YBR137W	1.05645
YBR138C	1.00778
YBR139W	1.0
YBR140C	1.02174
YBR141C	0.86364
YBR142W	1.7205
YBR143C	0.97516
YBR144C	0.97959
YBR145W	0.97248
YBR146W	1.36842
YBR149W	0.33333
YBR150C	0.99194
YBR152W	1.24345
YBR154C	1.61789
YBR155W	1.2
YBR156C	1.05263
YBR157C	0.95238
YBR158W	0.83333
YBR159W	2.64244
YBR160W	1.53924
YBR161W	0.97887
YBR162C	0.83721
YBR162W-A	0.5
YBR163W	0.9918
YBR166C	0.99145
YBR167C	0.77778
YBR168W	0.97959
YBR169C	1.19545
YBR170C	1.04494
YBR171W	1.0
YBR172C	1.02899
YBR173C	0.88462
YBR174C	0.99242
YBR175W	1.22749
YBR176W	1.2
YBR177C	0.99029
YBR178W	0.5
YBR179C	0.96364
YBR180W	0.96226
YBR182C	0.94737
YBR183W	2.68452
YBR184W	0.98315
YBR185C	0.90909
YBR186W	0.96296
YBR187W	0.96
YBR188C	1.04878
YBR190W	0.8
YBR192W	0.98148
YBR193C	1.29195
YBR194W	0.0
YBR195C	0.92308
YBR196C	1.92485
YBR197C	0.90323
YBR198C	1.62393
YBR199W	0.95312
YBR200W	1.17442
YBR201W	0.93617
YBR202W	1.01163
YBR203W	1.01527
YBR204C	0.0
YBR205W	1.18919
YBR207W	0.8875
YBR208C	1.32042
YBR209W	0.66667
YBR211C	0.97196
YBR212W	0.5
YBR213W	0.0
YBR214W	0.97872
YBR215W	0.96667
YBR216C	1.08065
YBR217W	2.16786
YBR218C	1.12264
YBR219C	0.90909
YBR220C	0.90909
YBR221C	1.05405
YBR222C	0.66667
YBR223C	1.45982
YBR225W	1.06383
YBR226C	0.66667
YBR227C	1.04225
YBR228W	0.93478
YBR229C	0.9
YBR230C	0.8
YBR231C	1.03529
YBR233W	0.88571
YBR234C	1.32659
YBR235W	0.95455
YBR236C	1.08696
YBR237W	0.75
YBR238C	0.89474
YBR239C	1.31414
YBR240C	0.96226
YBR241C	0.97959
YBR242W	0.81818
YBR243C	0.96296
YBR244W	0.8
YBR245C	1.05172
YBR246W	0.5
YBR247C	1.42434
YBR248C	0.0
YBR249C	0.91228
YBR250W	0.5
YBR251W	1.07263
YBR252W	1.13699
YBR253W	1.38696
YBR254C	0.90244
YBR255W	0.92308
YBR257W
YBR258C	1.14286
YBR260C	0.96053
YBR261C	0.66667
YBR262C	0.85714
YBR263W	0.66667
YBR264C	1.30481
YBR265W	0.5
YBR266C	0.0
YBR267W	1.12766
YBR269C	0.66667
YBR270C	1.02062
YBR271W	1.0163
YBR272C	1.73988
YBR273C	0.97917
YBR274W	1.39602
YBR275C	1.13946
YBR276C	0.66667
YBR277C	0.66667
YBR278W	0.96591
YBR279W	1.12403
YBR280C	1.16071
YBR281C	0.93902
YBR282W	0.75
YBR283C	2.23932
YBR284W	0.82353
YBR285W	0.33333
YBR286W	0.94118
YBR287W	0.66667
YBR288C	2.1165
YBR289W	1.14458
YBR290W	2.53642
YBR291C	0.625
YBR293W	1.0
YBR295W	0.89655
YBR296C	1.05128
YBR298C	1.875
YBR299W	0.5
YBR300C
YBR301W	0.97917
YBR302C	1.02273
YCL004W	0.66667
YCL005W	0.99242
YCL007C	0.85714
YCL008C	1.30252
YCL009C	0.90909
YCL010C	1.20588
YCL011C	1.04969
YCL014W	1.0155
YCL016C	0.81481
YCL017C	0.87879
YCL018W	2.24144
YCL019W	0.4
YCL020W	0.0
YCL023C	0.94286
YCL024W	1.1747
YCL025C	2.04286
YCL026C-A	0.89583
YCL027W	1.026
YCL028W	1.06643
YCL029C	0.92
YCL030C	1.06061
YCL031C	1.29348
YCL032W	1.01327
YCL033C	0.90909
YCL034W	1.13281
YCL035C	0.875
YCL036W	0.9918
YCL037C	1.33795
YCL038C	0.95082
YCL039W	1.36333
YCL040W	1.47764
YCL042W	0.85714
YCL043C	1.06173
YCL044C	0.96552
YCL045C	0.99242
YCL046W	0.89655
YCL048W	1.0
YCL049C	0.85714
YCL050C	1.0
YCL051W	0.96552
YCL052C	1.45631
YCL054W	1.25641
YCL055W	0.875
YCL056C	0.5
YCL057W
YCL058C	0.0
YCL059C	1.41206
YCL061C	0.89189
YCL063W	0.98995
YCL064C	1.45063
YCL065W	0.0
YCL069W	0.92857
YCL073C
YCL076W	0.0
YCR001W	1.45342
YCR002C	1.96701
YCR003W	0.0
YCR004C	0.98246
YCR005C	0.95238
YCR007C	0.91111
YCR008W	1.0
YCR009C	1.52555
YCR010C	0.96429
YCR011C	0.5
YCR012W	1.07143
YCR014C	1.28682
YCR015C	0.8
YCR016W	0.91667
YCR020C-A	0.94444
YCR021C	0.92647
YCR022C	0.98837
YCR023C	0.6
YCR024C	0.96296
YCR024C-A	1.4939
YCR027C	0.98529
YCR028C	1.1087
YCR028C-A	0.90909
YCR030C	1.07602
YCR033W	1.15385
YCR034W	2.5748
YCR035C	1.18325
YCR036W	0.9
YCR037C	0.95238
YCR038C	0.91111
YCR039C	0.96552
YCR040W	0.98396
YCR041W	0.96875
YCR042C	1.07353
YCR044C	1.10625
YCR045C	0.0
YCR046C	0.97674
YCR047C	0.33333
YCR048W	0.95918
YCR050C	0.98551
YCR052W	0.84211
YCR053W	0.86364
YCR054C	0.96078
YCR057C	1.42995
YCR059C	0.97761
YCR060W	0.66667
YCR061W	1.03704
YCR063W	0.93103
YCR065W
YCR066W	0.89744
YCR067C	0.8
YCR068W	1.0
YCR071C	0.89474
YCR072C	1.22951
YCR073C	0.95833
YCR075C	0.96552
YCR076C	1.18012
YCR077C	1.2967
YCR079W	1.48052
YCR081W	1.21429
YCR082W	0.97436
YCR084C	1.17273
YCR086W	1.09746
YCR087C-A	0.99497
YCR087W	1.03483
YCR088W	1.50984
YCR091W	0.85714
YCR092C	1.31579
YCR093W	1.33333
YCR094W	1.04455
YCR095C	0.92727
YCR096C	0.89286
YCR097W
YCR098C	0.89091
YCR099C	0.88889
YCR100C	0.94444
YCR101C	0.94545
YCR105W	0.5
YCR106W	0.5
YCR107W	0.94444
YDL001W	0.85714
YDL002C	1.03974
YDL003W	1.1087
YDL004W	0.98246
YDL005C	1.19095
YDL006W	1.02765
YDL007W	1.9
YDL008W	1.87097
YDL011C	0.66667
YDL012C	0.92157
YDL013W	1.24129
YDL014W	1.46586
YDL015C	1.98374
YDL016C
YDL017W	1.91682
YDL019C	1.15152
YDL020C	0.875
YDL022W	0.5
YDL023C	0.5
YDL024C	0.90909
YDL025C	1.37302
YDL026W	0.96296
YDL027C	0.98305
YDL028C	0.97516
YDL029W	2.26167
YDL030W	1.18125
YDL031W	1.54783
YDL035C	0.92308
YDL036C	0.95918
YDL037C	0.99029
YDL040C	0.86667
YDL041W	0.93333
YDL042C	1.22464
YDL043C	1.70956
YDL044C	0.92453
YDL045C	0.97436
YDL045W-A
YDL046W	0.98742
YDL047W	2.1
YDL049C	0.33333
YDL050C	0.96296
YDL051W	1.08642
YDL052C	1.02105
YDL053C	0.92683
YDL054C	1.39362
YDL055C	1.51543
YDL056W	0.89655
YDL058W	0.92308
YDL059C	2.19931
YDL060W	1.12179
YDL061C	0.96296
YDL062W	0.83333
YDL063C	0.88889
YDL064W	1.05263
YDL065C	1.02791
YDL066W	0.9625
YDL067C	0.87879
YDL069C	0.9697
YDL070W	0.95652
YDL071C	0.75
YDL072C	0.97674
YDL073W	0.98113
YDL074C	1.17647
YDL075W	0.99242
YDL076C	1.06897
YDL077C	1.0
YDL078C
YDL079C	0.94231
YDL080C	0.88462
YDL081C	0.94
YDL082W	0.96
YDL084W	0.90566
YDL085W	0.94444
YDL086W	0.9
YDL087C	1.57895
YDL088C	0.9697
YDL089W	0.85714
YDL090C	0.94118
YDL091C	0.75
YDL092W	0.5
YDL093W	0.5
YDL094C	0.75
YDL095W	0.66667
YDL096C	0.96296
YDL097C	1.98901
YDL098C	1.1
YDL099W	0.6
YDL100C	0.99273
YDL101C	1.71203
YDL102W	0.75
YDL103C	0.0
YDL104C	0.5
YDL105W	0.98795
YDL106C	0.88889
YDL108W	1.13043
YDL110C	0.875
YDL111C	1.57895
YDL112W	0.94286
YDL113C	1.0
YDL114W	0.625
YDL115C	0.92308
YDL116W	1.2543
YDL117W	1.08099
YDL118W	0.96825
YDL119C	0.95652
YDL121C	0.5
YDL123W	0.9
YDL124W	0.9
YDL125C	0.98592
YDL126C	1.63985
YDL127W	0.99422
YDL128W	0.78947
YDL129W	0.9661
YDL130W	0.81481
YDL131W	0.92308
YDL132W	1.46479
YDL133W	0.5
YDL134C	1.2445
YDL135C	0.875
YDL137W	0.9661
YDL138W	1.14371
YDL139C	1.01987
YDL140C	1.26168
YDL143W	1.48765
YDL144C	0.83333
YDL145C	1.66667
YDL146W	1.38728
YDL147W	1.52515
YDL148C	0.98198
YDL149W	0.97183
YDL150W	1.76471
YDL153C	0.83704
YDL154W	0.89706
YDL155W	1.2029
YDL156W	1.21583
YDL157C
YDL158C	0.66667
YDL159W	1.09804
YDL159W-A	0.5
YDL160C	1.08541
YDL161W	1.01587
YDL162C	0.94118
YDL164C	1.5463
YDL165W	1.11304
YDL166C	0.86667
YDL167C	0.83333
YDL168W	0.97959
YDL171C	0.83333
YDL172C	1.0
YDL173W	0.66667
YDL175C	1.0
YDL176W
YDL178W	0.97802
YDL179W	1.14449
YDL180W	0.83333
YDL181W	0.97143
YDL183C	0.95238
YDL185W	1.28975
YDL186W	0.875
YDL188C	1.54381
YDL189W	0.97436
YDL190C	0.92308
YDL191W	1.29508
YDL192W	1.27046
YDL193W	1.17797
YDL195W	1.12879
YDL196W	0.85714
YDL198C	0.97674
YDL199C	0.8
YDL200C	2.14645
YDL201W	0.5
YDL202W	0.98039
YDL203C	0.9403
YDL204W	0.968
YDL206W
YDL207W	1.13333
YDL208W	1.13725
YDL209C	1.04878
YDL210W	1.17699
YDL211C
YDL212W	2.28415
YDL213C	1.62759
YDL214C	1.01538
YDL215C	0.75
YDL216C	0.8
YDL217C	0.97561
YDL218W	0.92308
YDL219W	0.95238
YDL220C	1.45178
YDL221W	0.97368
YDL223C	0.92308
YDL224C	1.11236
YDL225W	1.67355
YDL226C	1.05085
YDL229W	1.43902
YDL230W	1.01364
YDL231C
YDL232W	1.64286
YDL233W	0.97196
YDL235C	0.72727
YDL236W	0.97059
YDL237W	0.0
YDL238C
YDL239C	0.9863
YDL240W	0.94737
YDL241W	0.97368
YDL243C	0.5
YDL245C	0.71429
YDL246C	1.17204
YDL248W	0.66667
YDR001C	1.14286
YDR002W	1.06742
YDR003W	0.5
YDR004W	1.49817
YDR005C	1.0081
YDR006C	0.98529
YDR007W	0.94595
YDR009W	0.83333
YDR010C	1.05521
YDR012W	0.97959
YDR013W	0.83333
YDR016C	1.02222
YDR017C	1.15385
YDR018C	0.75
YDR020C	0.0
YDR021W	0.75
YDR022C	1.01
YDR023W	1.01523
YDR024W	0.95833
YDR026C	0.84615
YDR027C	1.00901
YDR028C	1.14286
YDR030C	1.36066
YDR031W	0.99242
YDR032C	1.11486
YDR034C	0.96615
YDR036C	0.97872
YDR037W	0.9871
YDR038C	0.75
YDR039C	0.0
YDR040C	0.97917
YDR041W	0.94444
YDR042C	0.98077
YDR043C	0.97368
YDR044W	0.96296
YDR045C	1.21429
YDR046C	1.25455
YDR049W
YDR050C	0.5
YDR051C
YDR052C	0.925
YDR054C	1.07143
YDR055W	0.91667
YDR056C	0.99187
YDR060W	1.87611
YDR061W	0.5
YDR062W	1.34167
YDR063W	0.76923
YDR066C	0.90909
YDR067C	0.95238
YDR068W	0.89474
YDR069C	0.98974
YDR070C	0.86667
YDR071C	0.93103
YDR072C	0.66667
YDR073W	0.92308
YDR074W	0.93243
YDR075W	1.62825
YDR076W	1.12174
YDR077W
YDR078C	0.78571
YDR079C-A	0.0
YDR079W	0.9697
YDR080W	1.0
YDR081C
YDR082W	0.90909
YDR084C	1.0
YDR085C	1.03333
YDR086C	0.57143
YDR087C	1.29268
YDR088C	0.97917
YDR091C	0.96667
YDR092W	1.26804
YDR093W	0.75
YDR095C	0.96825
YDR096W	0.5
YDR097C	1.03306
YDR098C	0.94828
YDR099W	1.42261
YDR100W	1.14179
YDR101C	1.37795
YDR102C	0.95
YDR103W	0.98571
YDR104C	0.95833
YDR105C	0.96078
YDR106W	0.86667
YDR107C	0.93103
YDR108W	0.8125
YDR110W	1.03093
YDR111C	0.8
YDR113C	1.11009
YDR115W	0.89362
YDR116C	0.99
YDR118W	1.53333
YDR119W	0.33333
YDR120C	0.91304
YDR121W	0.95122
YDR122W	1.12139
YDR123C	0.6
YDR126W	0.93103
YDR127W	1.24781
YDR128W	1.648
YDR129C	1.27815
YDR130C	1.03125
YDR131C	1.33171
YDR132C	0.9375
YDR133C	0.6
YDR135C	0.97059
YDR136C	0.86957
YDR137W	0.85714
YDR138W	1.19608
YDR139C	1.02247
YDR140W	0.66667
YDR141C	0.57143
YDR142C	1.88916
YDR143C	1.33838
YDR144C	0.96667
YDR145W	1.22549
YDR146C	1.05941
YDR148C	1.35971
YDR150W	1.01923
YDR151C
YDR152W	0.98601
YDR155C	1.0902
YDR156W	0.98601
YDR158W	0.8
YDR159W	0.97059
YDR160W	0.96296
YDR162C	1.03955
YDR164C	0.81818
YDR165W	0.95833
YDR166C	0.83333
YDR167W	1.13176
YDR168W	1.0
YDR169C	0.77778
YDR170C	1.16
YDR170W-A	0.875
YDR171W	1.50412
YDR172W	0.81081
YDR173C	0.75
YDR174W	1.04678
YDR175C	0.99324
YDR176W	1.2069
YDR177W	0.75
YDR178W	0.91667
YDR179C	0.76471
YDR180W	0.66667
YDR181C	1.125
YDR183W	0.88235
YDR184C	0.96
YDR186C
YDR188W	1.12281
YDR189W	1.27586
YDR190C	1.38362
YDR192C	1.19291
YDR194C	1.0708
YDR195W	1.41667
YDR196C	0.88889
YDR198C	0.83333
YDR200C	1.75294
YDR201W	1.03297
YDR202C	1.0625
YDR205W	0.6
YDR206W	1.04505
YDR207C	0.95122
YDR208W
YDR211W	1.1875
YDR212W	1.33333
YDR213W	0.95238
YDR214W	1.13445
YDR215C	0.5
YDR216W	1.21034
YDR217C	1.06757
YDR218C	0.94118
YDR219C	1.21495
YDR221W	0.5
YDR223W
YDR224C	1.13021
YDR225W	1.23529
YDR226W	1.01688
YDR227W	1.66987
YDR228C	1.29134
YDR229W	1.01282
YDR231C
YDR233C	0.82353
YDR235W	1.26667
YDR236C	0.95
YDR237W	0.85
YDR238C	1.16216
YDR239C	1.15242
YDR240C	1.37234
YDR242W
YDR243C	0.8
YDR244W	0.97826
YDR245W	1.0
YDR246W	0.8
YDR247W	1.10502
YDR249C
YDR250C	0.0
YDR251W	1.04054
YDR252W	0.78571
YDR253C	0.66667
YDR254W	0.5
YDR255C	0.90909
YDR256C	1.07812
YDR259C	1.08069
YDR260C	1.39614
YDR261W-A	0.0
YDR261W-B
YDR262W	0.0
YDR263C	0.0
YDR264C	0.90164
YDR265W	0.97059
YDR266C	1.20419
YDR267C	1.168
YDR268W	1.00625
YDR269C	0.99242
YDR270W	1.11905
YDR271C	1.04805
YDR273W	1.0
YDR274C
YDR275W	0.0
YDR276C	1.55172
YDR277C	1.25316
YDR279W	0.9375
YDR280W	1.31183
YDR281C	0.5
YDR283C	1.06667
YDR284C	0.80952
YDR285W	0.75
YDR286C	0.95238
YDR287W	0.0
YDR288W
YDR289C	0.98438
YDR290W	0.85714
YDR291W	0.97917
YDR292C	0.875
YDR293C	1.0
YDR295C	0.96667
YDR296W	0.81818
YDR297W	2.52632
YDR298C	1.01739
YDR299W	1.10145
YDR300C	0.87097
YDR301W	1.31061
YDR303C	0.91429
YDR304C
YDR305C	0.97368
YDR306C	1.21368
YDR307W	1.58779
YDR308C	1.32099
YDR309C	1.17544
YDR310C	0.95833
YDR311W	0.99524
YDR312W	0.94872
YDR313C	0.99465
YDR314C	0.93333
YDR315C	0.64286
YDR316W	1.0
YDR317W	0.91667
YDR318W	0.94413
YDR319C	1.0
YDR320C	0.97368
YDR321W	1.05479
YDR322C-A	0.98246
YDR322W	1.09302
YDR323C	0.8
YDR324C	1.23377
YDR326C	0.90909
YDR327W	0.0
YDR328C	1.06349
YDR329C	0.94595
YDR330W
YDR331W	2.02326
YDR332W	0.0
YDR333C	0.0
YDR334W	1.19531
YDR335W	1.36552
YDR337W	0.89474
YDR339C	1.20561
YDR340W	0.95238
YDR341C	0.88889
YDR342C	0.94059
YDR343C	1.07391
YDR344C	0.0
YDR345C	0.8
YDR346C	0.5
YDR347W	0.94444
YDR348C	0.96
YDR349C	0.33333
YDR350C	0.5
YDR351W	0.9
YDR353W	1.03614
YDR356W	1.02222
YDR357C	0.89286
YDR359C	1.29333
YDR361C	0.98611
YDR362C	0.984
YDR363W
YDR363W-A	1.33333
YDR364C	1.0
YDR365C	1.38182
YDR366C	0.81818
YDR367W	0.5
YDR368W	0.0
YDR369C	1.15385
YDR370C	0.8
YDR371W	0.88889
YDR372C	0.95402
YDR373W	0.81818
YDR374C	0.0
YDR376W	0.5
YDR377W	1.03509
YDR378C	1.3494
YDR379W	0.85714
YDR380W	0.0
YDR381W	1.18777
YDR382W	0.96591
YDR383C	0.93421
YDR384C	0.25
YDR386W	1.62162
YDR387C	0.75
YDR388W	1.82239
YDR389W	0.97959
YDR390C	0.96667
YDR392W	1.19403
YDR394W	1.96021
YDR395W	1.21
YDR397C	0.5
YDR398W	1.19841
YDR399W	0.97059
YDR400W
YDR403W	0.0
YDR404C	1.41489
YDR405W	0.85
YDR406W
YDR407C	0.88889
YDR408C	1.02174
YDR409W	1.05952
YDR410C	0.95833
YDR412W	1.0381
YDR413C	0.77778
YDR414C	1.23982
YDR415C	0.33333
YDR416W	1.10106
YDR419W	1.2963
YDR421W
YDR422C	1.05263
YDR423C	0.97917
YDR424C	0.95833
YDR425W	1.25714
YDR427W	1.64384
YDR428C	0.94595
YDR429C	1.13333
YDR430C	1.05
YDR431W
YDR432W	0.98507
YDR433W	0.94118
YDR435C	0.83333
YDR436W	1.0
YDR438W	0.99242
YDR439W	1.00495
YDR440W
YDR441C	0.5
YDR442W
YDR443C	0.88
YDR444W	0.95
YDR445C	0.95349
YDR446W	0.94444
YDR448W	1.181
YDR449C	1.25676
YDR450W	0.66667
YDR452W	0.91667
YDR453C	1.03704
YDR454C
YDR455C	0.88095
YDR456W	0.90323
YDR457W	0.9697
YDR459C	0.78947
YDR460W	1.0
YDR461W	0.83333
YDR462W	1.03125
YDR463W	0.9
YDR464W	0.86667
YDR465C	0.97959
YDR466W	1.36449
YDR468C	0.85714
YDR469W	0.92857
YDR472W	0.8
YDR473C	1.4
YDR475C	1.0
YDR477W	1.45628
YDR478W
YDR479C	0.97872
YDR480W	1.20317
YDR482C	0.99468
YDR483W	0.96154
YDR484W	0.97403
YDR485C	1.06667
YDR487C	0.97059
YDR488C	1.25325
YDR489W	0.86486
YDR490C	0.99138
YDR492W	0.33333
YDR496C	1.39264
YDR497C	0.9375
YDR498C	0.92857
YDR499W	1.21809
YDR500C	0.99422
YDR501W
YDR502C	1.41111
YDR503C	0.83333
YDR504C	0.0
YDR505C	0.8
YDR506C	0.89474
YDR507C	1.07895
YDR508C	0.73684
YDR509W
YDR510W	0.99026
YDR511W	0.96154
YDR512C	0.97959
YDR513W
YDR514C	0.5
YDR515W	0.98214
YDR516C	0.98529
YDR517W	0.96875
YDR520C	0.66667
YDR522C
YDR523C	1.6697
YDR524C	0.96078
YDR526C	0.99242
YDR527W	0.97887
YDR528W	0.96429
YDR529C	0.98319
YDR530C	0.97222
YDR531W	0.97959
YDR532C	0.95876
YDR533C	0.98795
YDR534C	0.95349
YDR536W	0.0
YDR538W	0.92308
YDR541C	0.83333
YDR542W	0.5
YDR545W	0.98305
YEL002C	2.13402
YEL003W	0.8
YEL004W	0.5
YEL005C	0.875
YEL006W	0.91667
YEL008W	0.99242
YEL009C	1.08025
YEL011W	0.94595
YEL012W	0.98901
YEL013W	1.00784
YEL015W	1.08627
YEL016C	0.89474
YEL017C-A	1.88288
YEL017W	0.94656
YEL018W	1.15152
YEL019C	0.0
YEL020C	0.66667
YEL020W-A	0.83333
YEL021W	1.05882
YEL022W
YEL023C	0.93478
YEL024W
YEL026W	1.04348
YEL027W	1.375
YEL030W	1.14286
YEL031W	0.85714
YEL032W	1.04
YEL034W	1.0
YEL036C	0.63636
YEL037C	1.59006
YEL038W	0.97619
YEL039C	0.83333
YEL041W	0.73333
YEL042W	0.88889
YEL043W	1.00909
YEL046C	0.9375
YEL047C
YEL048C	1.04317
YEL049W	0.81818
YEL050C
YEL051W	1.12121
YEL053C	0.0
YEL054C	0.92
YEL055C	1.07576
YEL056W	1.17391
YEL057C	0.85714
YEL058W	0.0
YEL059W	0.0
YEL060C	1.03419
YEL061C	0.92857
YEL062W	1.03571
YEL063C	2.34307
YEL064C	0.5
YEL065W
YEL066W	1.21429
YEL068C	0.98571
YEL069C	0.6
YEL070W	0.98496
YEL071W	1.0
YEL072W	0.0
YEL074W	0.85714
YEL075C	0.99242
YEL077C	0.98333
YER001W
YER002W	1.0
YER003C
YER004W	1.02128
YER005W	0.96
YER006W	1.5123
YER007C-A	0.66667
YER007W	0.98
YER008C	0.97368
YER009W	1.21359
YER010C	0.94286
YER011W	0.9375
YER012W	1.77315
YER013W	0.9375
YER014W
YER015W	0.9697
YER016W	0.93478
YER017C	1.72674
YER018C	0.77778
YER019C-A	0.99242
YER019W	0.96842
YER020W	1.06481
YER021W	1.91803
YER022W	0.97067
YER023W	1.25325
YER025W	1.39085
YER026C	1.74359
YER027C	0.91667
YER028C	0.94737
YER029C	1.29779
YER030W	0.83333
YER031C	1.15385
YER032W	1.125
YER033C	1.25263
YER035W
YER036C	0.95833
YER037W	0.9
YER038C	0.6
YER040W	1.01418
YER041W	1.2638
YER043C	1.32787
YER044C	0.77778
YER045C	0.91071
YER047C	1.13072
YER048C	0.5
YER049W	0.96939
YER051W	0.94231
YER052C	0.95876
YER053C	0.91667
YER054C	1.1371
YER055C	0.5
YER056C	0.85714
YER057C	0.97059
YER058W	0.99242
YER059W	1.21212
YER060W-A	0.75
YER061C	0.0
YER062C	1.02778
YER063W	0.97605
YER064C	0.90244
YER065C	0.95745
YER066C-A	1.12963
YER066W	0.78947
YER067W	0.6
YER068W	1.13636
YER069W	0.5
YER070W	1.08108
YER071C	0.64706
YER073W	0.88571
YER075C	1.28897
YER076C	0.66667
YER077C	0.96825
YER078C	0.94366
YER079W	0.98726
YER081W	0.92788
YER082C	1.39739
YER083C	0.85714
YER084W	0.96825
YER086W	1.08966
YER087C-B	0.75
YER087W
YER088C	0.75
YER089C	0.85714
YER090W	0.90476
YER091C	1.3863
YER092W	0.94118
YER093C	1.02439
YER094C	1.16071
YER095W	1.17838
YER096W	0.98077
YER098W
YER099C	0.84615
YER100W	1.3932
YER101C
YER103W	1.1383
YER104W	0.81818
YER105C	0.92308
YER106W	0.8
YER107C	0.97561
YER109C	0.95238
YER110C	1.19885
YER111C	0.97297
YER112W	1.24623
YER113C	0.95238
YER114C	1.06383
YER115C	1.0099
YER116C	0.97222
YER117W	1.17431
YER118C	1.20743
YER119C	0.97778
YER120W	0.91892
YER121W	0.85714
YER122C	0.94118
YER123W	0.94231
YER124C	0.81818
YER125W	1.18504
YER126C	1.8
YER127W	0.9322
YER128W	0.0
YER129W	1.21212
YER131W	0.98701
YER132C	1.07692
YER133W	1.96881
YER136W	1.04444
YER137C	0.5
YER138C	0.83333
YER139C	0.93548
YER140W	0.94872
YER142C	1.28161
YER143W	0.88095
YER144C	0.89655
YER145C	0.75
YER146W	1.19118
YER147C	0.5
YER148W	1.07273
YER149C	0.91176
YER150W
YER151C	1.11538
YER152C	0.66667
YER153C	0.5
YER154W	0.7
YER155C	1.09709
YER156C	0.90476
YER157W	1.10256
YER158C	0.6
YER159C	0.99029
YER159C-A	0.92593
YER160C	1.0
YER161C	1.60587
YER162C	0.9434
YER163C	0.5
YER164W	1.22105
YER165W	1.41945
YER166W	0.90625
YER167W	1.04027
YER168C	0.77778
YER169W	0.0
YER170W	0.85714
YER171W	2.09459
YER172C	1.27711
YER173W	2.02236
YER174C	0.97619
YER175C	0.75
YER176W
YER177W	1.54038
YER178W	1.1775
YER179W	1.88379
YER180C	0.92
YER181C	0.95238
YER182W
YER183C
YER184C	0.97619
YER186C	0.96429
YER188W	0.83333
YER189W
YFL001W
YFL002C	1.38462
YFL002W-B
YFL003C	0.92308
YFL004W	0.97143
YFL005W	1.33333
YFL007W	0.93103
YFL008W	1.12414
YFL009W	0.82759
YFL010C	1.20134
YFL010W-A
YFL011W	0.71429
YFL012W	0.99038
YFL013C	0.92308
YFL014W	1.0
YFL015C
YFL016C	1.3045
YFL017C	0.93333
YFL017W-A	1.67347
YFL018C	1.3658
YFL020C	0.71429
YFL021W	0.89796
YFL022C	0.93878
YFL023W	0.66667
YFL024C	1.21986
YFL025C	0.88889
YFL026W	0.89091
YFL027C	0.66667
YFL028C
YFL029C	0.57143
YFL030W	0.625
YFL031W
YFL033C	1.20769
YFL034C-B	1.06081
YFL034W	0.88235
YFL036W	0.5
YFL037W	1.57576
YFL038C	1.0875
YFL039C	1.61977
YFL040W	0.83871
YFL041W	1.4359
YFL042C	0.77778
YFL044C	0.5
YFL045C	1.2449
YFL047W	0.9939
YFL048C	1.3
YFL049W	1.0
YFL050C	0.93939
YFL051C	0.0
YFL052W	0.0
YFL053W
YFL054C	0.96078
YFL055W	0.0
YFL056C	0.8
YFL058W
YFL059W	1.02041
YFL060C	0.95
YFL061W	0.94595
YFL062W	1.22581
YFL063W	0.95833
YFL065C	0.0
YFL066C	0.83333
YFL067W	0.66667
YFR001W	1.0
YFR002W	1.168
YFR003C	0.66667
YFR004W	1.82609
YFR006W	0.92308
YFR007W
YFR008W	0.94643
YFR009W	0.9
YFR010W	1.60656
YFR011C	0.94737
YFR012W
YFR013W	0.66667
YFR014C	0.66667
YFR015C	1.0396
YFR016C	1.11404
YFR017C	0.92105
YFR018C	0.0
YFR019W	0.77778
YFR021W	1.06736
YFR022W	0.75
YFR024C-A	1.07616
YFR026C	0.95556
YFR027W	0.98131
YFR028C	1.54983
YFR029W	0.94118
YFR030W	1.18644
YFR031C	0.95161
YFR032C
YFR033C	0.85714
YFR034C	1.02299
YFR036W	1.0641
YFR037C	0.81081
YFR038W
YFR039C	0.94595
YFR040W	1.41304
YFR042W	1.0
YFR043C	0.94595
YFR044C	0.93333
YFR045W	0.75
YFR046C
YFR047C	1.12
YFR049W	0.82143
YFR050C	1.09524
YFR051C	1.11475
YFR052W	1.48529
YFR053C	1.48157
YFR054C
YFR055W
YFR057W
YGL001C	0.9697
YGL003C	1.46809
YGL004C	1.74706
YGL005C	0.96429
YGL006W	0.5
YGL008C	1.18121
YGL009C	0.81818
YGL010W	0.94595
YGL011C	1.35417
YGL012W	0.875
YGL013C
YGL014W	0.75
YGL015C	0.75
YGL016W	1.03125
YGL017W	0.96
YGL018C	0.99029
YGL019W	1.32296
YGL020C
YGL021W	0.4
YGL022W	1.27273
YGL023C	0.95652
YGL024W	0.0
YGL025C	1.10526
YGL026C	0.97368
YGL027C	0.66667
YGL028C	0.97059
YGL029W	0.75
YGL030W	0.98131
YGL032C	0.0
YGL035C	1.2029
YGL036W	0.9
YGL037C	1.07792
YGL038C	0.5
YGL039W
YGL040C	1.24096
YGL042C	0.96429
YGL043W	0.9
YGL044C	0.76923
YGL045W	0.99242
YGL047W	0.97222
YGL048C	1.4359
YGL049C	1.125
YGL050W	0.5
YGL051W	1.74561
YGL052W
YGL053W	1.1
YGL054C	0.86207
YGL055W	0.95
YGL057C	0.0
YGL058W	0.85417
YGL059W	0.66667
YGL060W	1.2623
YGL061C	0.89362
YGL062W	1.03093
YGL063W
YGL064C	0.93333
YGL065C
YGL066W	1.06667
YGL068W	1.0
YGL069C	0.99242
YGL070C	1.16
YGL071W	0.89655
YGL072C	0.5
YGL073W	0.88462
YGL074C
YGL075C	0.86364
YGL077C	0.66667
YGL078C
YGL079W	0.91667
YGL081W	1.44041
YGL083W	0.66667
YGL084C	0.98225
YGL085W	0.97143
YGL086W	0.94118
YGL087C	0.91667
YGL090W	0.94805
YGL091C	0.5
YGL092W	1.22436
YGL093W	0.9
YGL094C	0.75
YGL095C	0.90909
YGL096W	0.9726
YGL097W	1.06667
YGL098W	0.66667
YGL099W	0.96629
YGL100W	1.18868
YGL102C	0.5
YGL104C	1.17749
YGL105W	1.02273
YGL106W	0.92
YGL110C
YGL111W	1.81081
YGL112C	1.08511
YGL113W	0.33333
YGL114W	0.0
YGL115W	0.96947
YGL116W	1.37984
YGL117W	0.97059
YGL119W	0.99242
YGL120C	1.14286
YGL121C	0.83333
YGL122C	0.91525
YGL124C	0.92308
YGL125W
YGL126W	0.5
YGL127C	0.88742
YGL128C	0.96
YGL129C	0.98667
YGL130W	1.01316
YGL131C	0.76923
YGL132W	0.5
YGL133W	0.94872
YGL134W	0.95652
YGL137W	2.10028
YGL138C	0.875
YGL139W	0.0
YGL141W	0.75
YGL142C	0.66667
YGL143C
YGL144C	0.97561
YGL145W	0.75
YGL146C	0.71429
YGL147C	0.9
YGL148W	0.0
YGL149W	0.98
YGL150C	0.57143
YGL151W	1.25926
YGL153W	0.89583
YGL154C	0.8
YGL155W	0.5
YGL156W	1.03125
YGL157W	0.98519
YGL158W	1.30047
YGL161C	1.21277
YGL162W
YGL163C	1.43455
YGL165C	0.66667
YGL166W	0.92208
YGL167C
YGL168W	0.95652
YGL169W	0.8
YGL170C	1.05455
YGL171W	0.99415
YGL172W	1.2561
YGL173C	1.43346
YGL174W	0.86957
YGL175C	1.14286
YGL177W	0.5
YGL178W	0.98734
YGL179C	0.96429
YGL180W	0.89655
YGL181W	0.94675
YGL183C	0.5
YGL184C	0.0
YGL185C	0.5
YGL186C
YGL187C	0.81818
YGL189C	1.04192
YGL190C	1.62791
YGL192W	0.95918
YGL194C	1.11111
YGL195W	0.88732
YGL197W	1.24265
YGL198W	1.02454
YGL200C	2.33663
YGL201C	1.05556
YGL202W	0.9
YGL204C	0.98496
YGL205W	0.9697
YGL206C	1.29553
YGL207W	1.05217
YGL208W	1.90674
YGL210W	0.6
YGL212W	0.84314
YGL213C	0.75
YGL214W	0.66667
YGL215W	0.98485
YGL216W	0.875
YGL217C	0.99242
YGL220W	0.89286
YGL221C	1.12676
YGL222C	1.00866
YGL223C	1.05882
YGL225W	1.00417
YGL226C-A	1.13333
YGL226W	0.97222
YGL227W	0.95238
YGL229C	1.0
YGL230C	0.5
YGL233W	0.66667
YGL234W	1.02198
YGL235W
YGL236C	0.99333
YGL237C	1.33441
YGL238W	1.02041
YGL239C
YGL240W	1.5
YGL241W	0.9375
YGL242C	0.66667
YGL244W	1.01282
YGL245W	1.28511
YGL246C	0.0
YGL247W	0.0
YGL249W	0.5
YGL250W	0.95604
YGL251C	0.5
YGL252C	0.85714
YGL253W	1.02041
YGL254W	0.94118
YGL256W	0.92308
YGL258W	0.85714
YGL259W	0.89655
YGL263W	0.33333
YGR002C	1.45714
YGR003W	0.83333
YGR004W	0.99057
YGR005C	0.89655
YGR006W
YGR009C	0.96875
YGR010W	0.96154
YGR013W	1.36
YGR014W	0.79167
YGR016W	0.71429
YGR017W	0.875
YGR018C	0.98551
YGR020C	1.04762
YGR021W	0.95238
YGR023W	0.4
YGR024C	0.92982
YGR026W	0.75
YGR028W	0.5
YGR029W	0.0
YGR030C
YGR031W	0.99029
YGR032W	0.5
YGR033C	0.6
YGR034W	0.96
YGR035C	0.93182
YGR036C
YGR037C	1.3007
YGR038W	1.0
YGR040W	1.81788
YGR041W	0.0
YGR042W	0.99242
YGR045C	0.5
YGR046W	0.85714
YGR047C	0.86667
YGR048W	0.93651
YGR049W	0.98551
YGR050C
YGR052W	1.32
YGR053C	0.66667
YGR054W	1.05714
YGR055W	0.0
YGR056W	0.96
YGR057C	0.77778
YGR058W	0.9619
YGR059W	0.75
YGR060W	2.4466
YGR061C	0.83333
YGR062C
YGR063C	0.85714
YGR064W	0.99242
YGR065C	0.9
YGR066C	0.95385
YGR067C	0.875
YGR068C	0.875
YGR069W
YGR070W	0.98333
YGR071C	0.8
YGR072W	0.875
YGR073C	0.93548
YGR074W	1.12903
YGR075C	0.93333
YGR076C	0.93333
YGR077C
YGR078C	1.0
YGR079W	0.5
YGR080W	0.94915
YGR081C	0.96364
YGR082W	0.96377
YGR083C	1.62595
YGR084C	0.89474
YGR085C	0.95652
YGR086C	1.0
YGR087C	0.98824
YGR088W	0.97059
YGR089W	0.5
YGR090W	1.3886
YGR091W	1.375
YGR092W	1.60952
YGR094W	0.98214
YGR095C	1.18182
YGR097W	1.14851
YGR098C	0.8
YGR099W	0.66667
YGR100W	0.94286
YGR101W	0.57143
YGR102C	0.96774
YGR103W	1.62054
YGR104C	1.26667
YGR105W
YGR107W
YGR108W	0.7
YGR109C	0.92308
YGR110W	0.99029
YGR111W	0.95833
YGR113W	0.91176
YGR114C	0.99029
YGR115C	0.5
YGR116W	1.0
YGR117C	0.85714
YGR119C	1.15534
YGR120C	0.90476
YGR121C	0.95122
YGR122W	0.95238
YGR123C	0.80769
YGR124W	0.5
YGR125W
YGR126W	0.0
YGR128C
YGR129W	1.35714
YGR130C	0.8
YGR131W	0.96296
YGR132C
YGR133W	0.0
YGR134W	1.11111
YGR135W	1.06667
YGR136W	1.0
YGR138C
YGR139W	0.97917
YGR140W	0.9
YGR141W	0.9375
YGR142W	0.6
YGR143W
YGR144W	1.08182
YGR145W	1.01351
YGR146C	0.66667
YGR148C	0.97222
YGR149W	0.8
YGR150C
YGR151C	0.97917
YGR152C	0.6
YGR153W	0.94872
YGR154C	0.97872
YGR155W	1.28151
YGR156W	1.45238
YGR157W
YGR158C	1.10227
YGR159C	0.88
YGR160W	0.81818
YGR161C	1.0
YGR161C-D	0.95833
YGR161W-B
YGR162W	1.21028
YGR163W	0.72727
YGR165W	0.6
YGR166W	0.98551
YGR167W	0.75
YGR168C	0.0
YGR169C
YGR170W	0.98333
YGR171C
YGR172C	0.97315
YGR173W	1.43709
YGR174C	0.84211
YGR175C	0.85714
YGR177C
YGR178C	0.97531
YGR179C	0.5
YGR180C	0.9403
YGR181W	0.66667
YGR182C	0.98507
YGR184C	1.07527
YGR185C	0.57143
YGR186W	1.14706
YGR187C	0.98235
YGR188C	1.26214
YGR189C	0.8
YGR191W	1.20755
YGR192C	1.10667
YGR193C	0.94444
YGR194C	0.75
YGR195W	1.10638
YGR196C	0.85714
YGR197C	0.66667
YGR198W	0.75
YGR199W	0.95238
YGR200C	1.28571
YGR201C
YGR202C	0.97561
YGR203W	0.98039
YGR204W	0.92982
YGR205W	0.76923
YGR206W
YGR207C	0.66667
YGR208W	0.33333
YGR209C	0.83333
YGR210C	0.95833
YGR211W	0.8125
YGR213C	0.0
YGR214W	0.75
YGR215W	0.98347
YGR216C
YGR217W	0.97917
YGR218W	1.02745
YGR219W
YGR220C	0.7037
YGR221C
YGR222W	0.95918
YGR223C	0.89655
YGR224W	0.66667
YGR225W	0.8
YGR227W	1.12081
YGR228W	0.0
YGR229C	0.66667
YGR231C
YGR232W	1.42308
YGR233C	1.02857
YGR234W	0.96386
YGR235C
YGR236C	0.5
YGR237C	0.5
YGR238C	1.04545
YGR239C	0.86957
YGR240C	1.28727
YGR241C	1.00524
YGR242W	0.5
YGR243W	0.975
YGR244C	0.0
YGR245C	1.3494
YGR246C	0.77778
YGR247W	0.66667
YGR249W	0.92647
YGR250C	0.93023
YGR251W
YGR252W	1.02151
YGR253C	0.8
YGR254W	1.18919
YGR255C	0.96429
YGR256W	0.88235
YGR257C
YGR258C	1.4586
YGR260W	2.15789
YGR261C	0.72727
YGR262C	1.63212
YGR263C	0.97203
YGR264C	0.97059
YGR266W	0.96875
YGR267C	1.30392
YGR268C	1.09032
YGR269W	0.99259
YGR270W	0.75
YGR271W	0.97297
YGR274C	0.84314
YGR275W	0.6
YGR276C	0.5
YGR277C	0.66667
YGR278W	1.03571
YGR279C	0.96078
YGR280C	0.92593
YGR281W	0.98077
YGR282C	1.11842
YGR283C	0.0
YGR284C	1.89286
YGR285C	0.90909
YGR289C	1.5
YGR290W	0.93333
YGR291C	0.66667
YGR292W	0.66667
YGR293C
YGR294W	0.97315
YGR295C	1.2093
YGR296W	0.96296
YHL001W
YHL002W	0.93431
YHL003C	1.20909
YHL004W	0.79104
YHL005C
YHL006C	0.61538
YHL007C	1.29066
YHL008C
YHL009C	1.0
YHL010C	0.5
YHL011C	0.93333
YHL014C
YHL015W	0.0
YHL016C
YHL017W	0.9434
YHL018W	1.02174
YHL019C	1.125
YHL020C	0.83333
YHL021C	0.84615
YHL022C	0.5
YHL023C	1.03448
YHL024W	0.0
YHL025W	1.05882
YHL026C	0.97902
YHL027W	1.03704
YHL029C
YHL030W	1.10638
YHL031C	0.875
YHL032C	0.94444
YHL033C	0.99242
YHL034C	1.1573
YHL035C	0.97619
YHL036W	0.0
YHL038C
YHL039W	0.83333
YHL042W	1.98485
YHL043W	0.96
YHL044W	0.97196
YHL045W	0.5
YHL046C	0.5
YHL047C	0.94444
YHL048W	2.13333
YHL049C	0.95918
YHL050C
YHR001W	0.75
YHR002W
YHR003C	0.98507
YHR004C
YHR005C	0.87755
YHR005C-A	0.42857
YHR007C	0.94118
YHR008C	0.97436
YHR009C	0.94872
YHR011W	0.92593
YHR012W	1.15385
YHR013C	0.85
YHR014W	1.17143
YHR015W	0.85714
YHR016C	1.08871
YHR018C	0.95455
YHR019C	0.96
YHR020W	1.0531
YHR022C	1.10256
YHR023W	0.92063
YHR024C	1.10526
YHR025W	1.12676
YHR026W	1.09945
YHR027C	1.13725
YHR028C
YHR030C	1.50137
YHR031C
YHR032W
YHR033W	1.13861
YHR034C	0.94872
YHR035W	1.01053
YHR036W
YHR038W	0.97959
YHR039C	0.75
YHR039C-A	0.9375
YHR040W	0.5
YHR041C	0.63636
YHR042W	0.93939
YHR043C	0.95918
YHR044C	0.97436
YHR045W	0.88889
YHR046C	0.0
YHR047C	0.875
YHR048W	0.0
YHR049W	0.99242
YHR050W	0.85714
YHR051W	0.93333
YHR052W	1.79141
YHR053C	0.66667
YHR056C	0.5
YHR057C	0.9863
YHR058C	1.04762
YHR059W	0.94118
YHR060W	1.0
YHR061C	1.07042
YHR062C	0.0
YHR063C	0.0
YHR064C	0.91429
YHR065C	0.96875
YHR066W	1.65138
YHR067W	0.75
YHR068W	1.0
YHR069C	1.10256
YHR070W	1.04651
YHR071W	0.75
YHR072W	0.96774
YHR072W-A	1.11538
YHR073W	0.86667
YHR074W	0.84615
YHR075C	0.83333
YHR076W	0.91304
YHR077C	0.73333
YHR078W	0.0
YHR079C	0.94737
YHR079C-A	0.98519
YHR080C
YHR081W	0.8
YHR082C	1.26599
YHR083W	0.8
YHR084W	0.94872
YHR085W	1.14286
YHR086W	1.23711
YHR087W	0.72727
YHR088W	1.46154
YHR089C	1.04098
YHR090C	1.13043
YHR091C	0.0
YHR092C	0.75
YHR094C	1.46154
YHR096C	0.88889
YHR097C	0.92308
YHR098C	0.9589
YHR099W	1.07965
YHR100C
YHR102W	0.97581
YHR103W	0.91176
YHR105W	0.6
YHR106W	0.83333
YHR107C	1.25837
YHR108W	0.92308
YHR109W	0.5
YHR110W	1.63636
YHR111W	0.96491
YHR112C	1.11207
YHR113W	0.96364
YHR114W	1.02059
YHR115C	0.875
YHR116W
YHR117W	0.5
YHR118C	1.5
YHR119W	1.13636
YHR120W	1.54
YHR121W	0.92857
YHR122W	0.5
YHR123W	1.2
YHR124W	0.9
YHR127W	0.97222
YHR128W	0.90566
YHR129C	0.98639
YHR130C	0.98519
YHR132C	0.94872
YHR133C	1.76316
YHR134W
YHR135C	1.67483
YHR136C	0.77778
YHR137W	0.85714
YHR138C	0.97222
YHR140W	2.02564
YHR142W	1.92857
YHR143W
YHR143W-A	0.86364
YHR144C	0.925
YHR145C	0.5
YHR147C	0.75
YHR148W	0.5
YHR149C	0.9
YHR151C	0.0
YHR152W	0.95968
YHR154W	0.5
YHR156C	0.97546
YHR157W	0.5
YHR158C	0.93333
YHR159W	0.0
YHR160C	0.9375
YHR161C	0.94444
YHR163W
YHR164C	0.66667
YHR165C	1.26857
YHR166C	1.02778
YHR167W	0.5
YHR168W	0.0
YHR169W	1.41935
YHR170W	1.14844
YHR171W	0.45455
YHR172W	0.97857
YHR174W	0.7931
YHR175W	0.95652
YHR177W	0.97368
YHR178W	0.78571
YHR179W	1.16949
YHR180W	0.92593
YHR182W	0.96491
YHR183W	1.00935
YHR184W	0.96721
YHR185C	0.84615
YHR186C	1.22105
YHR187W	1.01818
YHR188C	1.24837
YHR189W
YHR190W	0.95652
YHR191C	1.26087
YHR193C	0.9898
YHR194W	0.90909
YHR195W	0.66667
YHR196W	1.29032
YHR197W	1.22543
YHR198C	0.96154
YHR199C	1.21477
YHR200W	1.11628
YHR201C	0.0
YHR203C	0.0
YHR204W	0.8125
YHR205W	0.9
YHR206W	0.83333
YHR207C	0.66667
YHR208W	0.0
YHR209W	0.96
YHR211W	0.98496
YHR212W-A	0.33333
YHR214C-B	1.05128
YHR214W-A	0.88889
YHR215W	0.93548
YHR216W	1.12698
YIL001W	0.9
YIL002C	0.8
YIL004C	1.0678
YIL005W	0.95
YIL006W
YIL007C	1.01961
YIL008W	0.96875
YIL009C-A	0.84615
YIL009W	0.89655
YIL010W	0.95652
YIL011W	0.8
YIL013C	0.88889
YIL014W	0.0
YIL016W	1.61429
YIL017C
YIL018W	0.55556
YIL019W	0.0
YIL020C	0.97222
YIL021W	1.25532
YIL022W	0.98684
YIL023C	0.875
YIL024C	0.8
YIL025C	0.0
YIL026C	0.95652
YIL027C
YIL028W
YIL029C
YIL030C	0.5
YIL031W
YIL032C	0.97222
YIL033C	1.13218
YIL034C	0.71429
YIL035C	1.38367
YIL037C	0.9375
YIL038C	1.0
YIL039W	0.96667
YIL040W	0.875
YIL041W
YIL042C	0.96
YIL044C
YIL045W	1.07042
YIL046W	1.38043
YIL047C	0.75
YIL048W	0.95349
YIL049W	0.91667
YIL050W	0.91667
YIL051C	0.94737
YIL052C
YIL053W	1.02817
YIL054W	0.83333
YIL055C	0.96
YIL056W
YIL057C
YIL059C	0.97222
YIL060W	0.99259
YIL061C	1.10909
YIL062C	1.3
YIL063C	0.98077
YIL064W
YIL065C	0.97973
YIL066C	1.34483
YIL068C	0.5
YIL070C	1.0125
YIL071C	0.71429
YIL072W	0.0
YIL074C	0.93443
YIL075C	1.01613
YIL076W	0.99465
YIL077C	0.66667
YIL078W	0.96429
YIL079C	0.95652
YIL082W
YIL082W-A	0.96296
YIL084C	1.16667
YIL085C	0.5
YIL086C	0.5
YIL088C
YIL091C
YIL092W	0.88889
YIL093C	0.94118
YIL094C	0.95506
YIL095W	1.27128
YIL096C	0.99242
YIL097W	0.75
YIL098C	0.0
YIL101C
YIL103W	0.0
YIL104C	0.85714
YIL105C	1.0
YIL106W	0.98684
YIL108W	0.25
YIL109C	1.07692
YIL110W	0.97222
YIL111W	0.97222
YIL112W	0.84615
YIL113W	0.86364
YIL114C	0.83333
YIL115C	1.06494
YIL117C	0.91667
YIL118W	0.75
YIL119C	0.0
YIL120W	0.90909
YIL121W
YIL122W	0.88889
YIL124W	0.97297
YIL125W	0.98361
YIL126W	0.89286
YIL128W	0.92
YIL129C	0.8
YIL130W	0.85714
YIL131C	1.10909
YIL132C	0.94231
YIL134W
YIL135C
YIL136W
YIL137C	0.98529
YIL138C
YIL139C	0.93333
YIL140W	0.0
YIL141W
YIL142W	1.20755
YIL143C	0.99324
YIL144W	1.0
YIL145C	0.94872
YIL147C	1.0
YIL148W	0.85507
YIL149C	0.91429
YIL150C	0.88889
YIL151C	0.8
YIL152W	0.5
YIL153W	0.5
YIL154C	0.875
YIL156W	1.28378
YIL157C	0.97222
YIL158W	0.66667
YIL159W	1.28369
YIL160C
YIL162W	0.91667
YIL163C	0.5
YIL166C	0.0
YIL169C	0.0
YIL172C
YIL173W	0.96721
YIL177C
YIR001C	0.8125
YIR002C	0.88235
YIR003W	1.12236
YIR004W
YIR005W	1.42446
YIR006C	0.875
YIR008C	0.94595
YIR009W	0.86765
YIR010W	0.5
YIR011C	0.97059
YIR012W	0.57143
YIR013C	0.5
YIR014W	0.88889
YIR016W	0.8
YIR017C	0.9
YIR018W
YIR021W
YIR022W	1.05263
YIR023W	0.94118
YIR024C	0.88889
YIR025W	0.98675
YIR026C	0.91566
YIR027C	0.66667
YIR028W	0.5
YIR031C
YIR032C
YIR033W	0.90909
YIR034C	0.97674
YIR035C	0.95238
YIR036C	0.97222
YIR037W	0.96491
YIR038C	0.73333
YIR039C
YIR040C	0.94872
YIR042C	0.66667
YJL001W	0.89583
YJL002C	0.93333
YJL004C	0.88889
YJL005W	1.0125
YJL006C	0.9
YJL008C	1.31651
YJL010C	0.9375
YJL011C	2.0
YJL012C	0.80952
YJL013C	0.75
YJL014W	1.0
YJL015C	0.9697
YJL016W
YJL019W	0.84
YJL020C	1.12195
YJL023C	0.8
YJL024C	0.0
YJL025W	0.0
YJL026W	1.07143
YJL029C	0.85714
YJL030W	0.75
YJL031C	0.0
YJL032W
YJL033W	1.33333
YJL034W	1.1405
YJL035C	0.0
YJL036W	0.96
YJL039C	0.98507
YJL041W	1.03419
YJL042W
YJL043W
YJL044C	0.91489
YJL045W	0.0
YJL047C	0.9726
YJL048C	0.84
YJL050W	0.72727
YJL052W	1.0137
YJL053W	0.98
YJL054W	0.0
YJL055W	0.75
YJL056C	0.5
YJL057C	0.77778
YJL058C	1.08621
YJL059W	0.95652
YJL060W	0.8
YJL061W	1.01163
YJL062W	0.66667
YJL063C
YJL064W	0.66667
YJL065C	0.0
YJL066C	1.0625
YJL067W	0.94595
YJL068C	0.94595
YJL069C	1.00741
YJL070C
YJL071W
YJL072C	0.66667
YJL074C	0.87234
YJL075C	0.0
YJL076W	1.09756
YJL078C	0.925
YJL079C	0.66667
YJL080C	0.92105
YJL081C	1.12
YJL082W	0.5
YJL083W	0.88235
YJL084C	0.95745
YJL085W	0.75
YJL086C
YJL087C	0.97826
YJL088W	1.08808
YJL089W	0.6
YJL090C	1.05357
YJL091C	0.98246
YJL092W	1.08642
YJL093C	0.75
YJL094C	0.0
YJL095W	1.30719
YJL096W	0.0
YJL097W
YJL098W	1.38122
YJL099W	0.6
YJL100W	0.92857
YJL102W	0.9
YJL106W	1.39276
YJL107C	0.98693
YJL108C	0.66667
YJL109C	0.85714
YJL110C	0.98693
YJL111W	0.95789
YJL112W	0.75
YJL114W
YJL115W	0.66667
YJL117W	1.30894
YJL118W
YJL120W
YJL122W	0.88889
YJL123C	0.5
YJL124C	1.00935
YJL125C
YJL128C	1.35938
YJL129C
YJL130C	1.18405
YJL131C
YJL133W
YJL134W
YJL135W
YJL137C	0.75
YJL138C	1.27602
YJL139C
YJL140W	1.00518
YJL141C	1.36598
YJL142C
YJL143W	0.97333
YJL145W
YJL146W
YJL149W
YJL151C	0.8
YJL152W	0.0
YJL153C	0.90625
YJL154C	0.88889
YJL155C
YJL156C
YJL157C	1.32487
YJL158C	0.6
YJL159W	0.0
YJL160C
YJL162C	0.0
YJL163C	0.66667
YJL164C	1.22963
YJL165C	0.0
YJL166W	0.97222
YJL167W	0.9
YJL168C	0.0
YJL170C
YJL172W	0.5
YJL173C	1.49655
YJL174W	0.5
YJL175W
YJL176C	1.05882
YJL178C
YJL179W	0.95
YJL180C	0.97222
YJL181W	0.75
YJL182C
YJL183W	0.5
YJL184W	0.63636
YJL185C	0.5
YJL186W
YJL187C	0.91667
YJL189W	0.875
YJL190C
YJL191W	0.0
YJL192C	0.99242
YJL193W
YJL194W	1.02128
YJL195C
YJL196C	1.82143
YJL197W
YJL198W	0.5
YJL199C	1.11765
YJL200C	0.9
YJL201W
YJL202C
YJL203W	0.65
YJL204C
YJL207C
YJL208C	0.0
YJL209W
YJL210W	0.9375
YJL211C
YJL212C
YJL213W
YJL214W	1.28571
YJL215C	0.9375
YJL218W	1.15278
YJL219W	0.94545
YJL222W	1.37778
YJL222W-A	1.00629
YJL222W-B
YJL225C	0.97222
YJR001W	0.85714
YJR002W	0.0
YJR003C	0.0
YJR004C
YJR005W	0.75
YJR006W	0.95
YJR007W	1.13846
YJR008W
YJR009C	0.94203
YJR010C-A	1.23661
YJR010W	0.97059
YJR011C	0.85714
YJR012C
YJR014W	0.85714
YJR015W	1.06452
YJR016C	0.93333
YJR017C	1.0
YJR019C	0.96203
YJR020W	0.8
YJR021C	0.97059
YJR022W	0.94624
YJR023C	0.88889
YJR024C	0.96
YJR025C	0.92
YJR027W	0.875
YJR028W	0.875
YJR029W	0.875
YJR030C	0.96296
YJR031C	0.0
YJR032W	0.85
YJR033C	0.66667
YJR034W	0.85714
YJR035W	1.36747
YJR037W	0.98551
YJR038C	0.98507
YJR040W	0.0
YJR041C
YJR042W	1.03448
YJR043C	0.75
YJR044C
YJR045C	1.40176
YJR047C
YJR048W	0.88889
YJR049C	0.96
YJR050W	1.0069
YJR051W
YJR052W	1.08421
YJR053W	1.02609
YJR054W
YJR055W	0.0
YJR056C	1.12676
YJR057W	0.0
YJR058C	0.97761
YJR059W	1.01515
YJR060W	0.6
YJR061W	0.5
YJR062C	1.28829
YJR063W	1.125
YJR064W	1.0
YJR065C	0.97368
YJR066W	0.96774
YJR067C	0.0
YJR068W	1.18792
YJR069C
YJR070C	0.875
YJR072C	0.94118
YJR073C
YJR074W	0.9
YJR075W	0.875
YJR076C	0.97143
YJR077C	1.12766
YJR079W	0.97917
YJR080C	0.875
YJR082C	0.375
YJR083C	0.97778
YJR084W	0.0
YJR086W	0.75
YJR087W	0.99242
YJR089W	0.0
YJR090C	1.05435
YJR091C	0.69579
YJR092W	0.95833
YJR093C	1.21429
YJR094C	0.875
YJR095W
YJR097W	0.8
YJR098C	0.8
YJR099W	0.75
YJR100C	0.97222
YJR101W
YJR102C	0.95238
YJR103W	0.93333
YJR104C	1.04878
YJR105W	0.71429
YJR106W
YJR108W
YJR109C	0.90741
YJR110W	1.06383
YJR112W	0.925
YJR113C	0.5
YJR115W
YJR116W	0.5
YJR117W	1.06897
YJR119C	0.5
YJR120W	0.97222
YJR121W	1.1903
YJR122W
YJR123W
YJR124C
YJR125C	0.0
YJR126C
YJR127C	0.90909
YJR130C
YJR131W	0.96491
YJR132W	0.94937
YJR133W	0.98551
YJR134C	0.96491
YJR135C	0.0
YJR135W-A	0.5
YJR136C	0.95918
YJR138W	1.05172
YJR139C	0.85714
YJR140C	0.71429
YJR141W	0.99167
YJR143C
YJR144W	0.88235
YJR146W	0.92
YJR148W
YJR149W
YJR152W	0.0
YJR154W	0.97222
YJR157W	0.95652
YJR158W
YJR159W	1.1145
YJR161C
YJR162C	0.95833
YKL001C	0.93333
YKL002W	0.95833
YKL003C
YKL004W	0.0
YKL006C-A	0.85714
YKL007W	0.0
YKL008C	1.13131
YKL009W	1.23404
YKL010C	0.96429
YKL011C	1.05435
YKL012W	0.93103
YKL013C	1.26471
YKL014C	1.02703
YKL015W
YKL016C	0.5
YKL017C	0.5
YKL018W	1.11429
YKL019W	0.0
YKL020C	0.88889
YKL021C	1.19355
YKL022C	1.22222
YKL023W	0.94595
YKL024C	0.95652
YKL025C	0.98333
YKL026C
YKL028W	0.77778
YKL029C	0.92683
YKL033W
YKL034W
YKL035W	1.0
YKL036C	0.75
YKL038W	0.83333
YKL039W
YKL040C
YKL042W	0.7
YKL043W
YKL044W	0.95652
YKL045W	0.6
YKL047W	0.0
YKL048C	0.95455
YKL049C	0.0
YKL050C	0.94595
YKL051W
YKL052C	0.88889
YKL054C	0.96875
YKL055C
YKL056C	0.86364
YKL057C	0.91667
YKL058W	0.92593
YKL059C	1.69231
YKL060C	1.14444
YKL061W	0.96774
YKL062W	0.77778
YKL063C
YKL064W	0.77778
YKL065C	1.40351
YKL067W	1.26271
YKL068W	1.10219
YKL069W	0.97059
YKL070W
YKL072W	0.75
YKL073W	0.0
YKL074C	0.85714
YKL075C	0.82353
YKL076C
YKL077W
YKL078W	1.37079
YKL079W	0.97917
YKL080W	1.05155
YKL081W	1.06522
YKL082C	0.6875
YKL084W
YKL085W	0.86364
YKL086W	0.0
YKL087C	0.0
YKL088W	1.0
YKL089W
YKL090W	0.5
YKL092C	0.0
YKL093W	0.0
YKL095W	1.06838
YKL098W	0.5
YKL099C
YKL101W	0.96296
YKL102C
YKL103C	1.2
YKL104C	0.9596
YKL105C
YKL106W	0.97368
YKL107W	0.95652
YKL108W	1.00775
YKL109W	0.5
YKL110C	0.5
YKL111C
YKL112W	1.0
YKL113C	0.97059
YKL114C	0.75
YKL116C	0.6
YKL117W	1.15385
YKL119C	0.8
YKL120W	0.71429
YKL122C	0.0
YKL124W
YKL125W	0.66667
YKL126W	0.85714
YKL127W	0.94595
YKL129C	1.04545
YKL130C	0.89474
YKL133C	0.88889
YKL134C	0.5
YKL135C	1.01695
YKL137W	0.0
YKL138C
YKL139W	1.12048
YKL140W	0.75
YKL141W
YKL142W	0.54545
YKL143W	0.9898
YKL144C	1.52632
YKL145W	0.93103
YKL146W	0.66667
YKL147C	0.95833
YKL148C
YKL149C
YKL150W	0.5
YKL152C	1.13876
YKL153W	0.8
YKL154W	1.08824
YKL155C
YKL157W	0.33333
YKL159C	0.88889
YKL160W
YKL161C	1.05952
YKL163W	0.95652
YKL164C	0.97368
YKL165C	0.89474
YKL166C	0.94737
YKL167C
YKL168C	0.0
YKL170W
YKL171W	1.04167
YKL172W	1.36735
YKL173W	1.22581
YKL174C	0.66667
YKL175W	0.0
YKL176C	0.8
YKL177W
YKL178C	0.5
YKL179C	0.5
YKL180W	0.0
YKL181W	0.5
YKL182W	0.95946
YKL183W	0.91667
YKL185W
YKL186C	0.0
YKL188C
YKL189W	1.05882
YKL190W	0.83333
YKL191W
YKL192C	0.0
YKL193C	0.94805
YKL194C	0.75
YKL195W
YKL196C	1.0
YKL197C	0.0
YKL198C	0.6
YKL201C	0.0
YKL202W
YKL203C	1.03333
YKL204W	0.77778
YKL205W	0.88235
YKL206C	0.5
YKL208W	0.66667
YKL209C	0.85714
YKL210W	0.8913
YKL211C	0.96429
YKL212W	0.85714
YKL213C	1.11111
YKL214C	0.91176
YKL215C	0.88889
YKL216W	0.85714
YKL217W
YKL218C	0.66667
YKL219W	0.66667
YKL220C
YKL221W	0.95918
YKL222C
YKL224C	0.5
YKR001C	0.85714
YKR002W	1.11364
YKR005C	0.97368
YKR006C
YKR007W	0.66667
YKR008W
YKR009C
YKR010C	0.7
YKR011C
YKR014C	1.03509
YKR016W	0.0
YKR017C	0.875
YKR018C
YKR020W	0.8
YKR021W	0.5
YKR022C	0.6
YKR023W
YKR024C	0.84615
YKR025W	1.71429
YKR026C	1.15894
YKR027W	0.96774
YKR028W	0.7
YKR029C	0.83333
YKR030W	0.6
YKR031C	0.88889
YKR032W
YKR034W	0.6
YKR035C
YKR036C	0.4
YKR037C	0.96
YKR038C	0.5
YKR039W
YKR040C
YKR043C
YKR044W
YKR046C
YKR048C	0.875
YKR049C
YKR050W	0.75
YKR051W	0.96875
YKR052C	0.91667
YKR053C
YKR054C	0.91667
YKR055W	1.02778
YKR058W
YKR060W
YKR061W	0.96774
YKR062W	0.83333
YKR063C	0.66667
YKR064W	0.88889
YKR065C	0.66667
YKR066C	0.0
YKR067W
YKR068C	0.63636
YKR069W	0.92857
YKR070W	0.5
YKR071C	0.8
YKR072C	0.875
YKR073C
YKR074W	0.66667
YKR075C
YKR077W	0.5
YKR078W
YKR079C
YKR080W	0.93333
YKR081C	1.69663
YKR082W	0.98684
YKR083C	0.96
YKR084C	0.66667
YKR085C
YKR086W	0.33333
YKR087C
YKR088C	0.5
YKR089C
YKR090W	0.75
YKR091W	0.92308
YKR092C	0.71429
YKR093W	0.5
YKR095W	0.92
YKR095W-A	0.5
YKR096W	0.8
YKR099W	0.86667
YKR100C	0.97368
YKR101W	0.90909
YKR105C
YKR106W
YLL001W	0.95238
YLL002W	0.66667
YLL003W	0.5
YLL004W	1.0
YLL005C	0.8
YLL006W	0.85714
YLL008W	1.25806
YLL009C
YLL010C	0.5
YLL011W	0.97101
YLL012W	0.0
YLL013C	0.93827
YLL014W
YLL015W	0.90909
YLL018C	0.92857
YLL019C	1.06429
YLL020C	0.0
YLL021W	0.87755
YLL022C	0.5
YLL023C	1.12281
YLL024C	0.93976
YLL026W	1.03226
YLL027W	0.9
YLL028W	1.47826
YLL029W
YLL030C	0.5
YLL031C
YLL032C	0.9375
YLL033W	0.94872
YLL034C	1.07547
YLL036C	1.11111
YLL037W
YLL038C	0.33333
YLL040C	0.86667
YLL041C
YLL042C
YLL043W	0.6
YLL046C
YLL047W	0.0
YLL048C	0.94118
YLL049W	0.9375
YLL050C	1.07143
YLL051C
YLL054C
YLL056C
YLL059C	0.66667
YLL060C
YLL061W	1.45455
YLL062C	0.0
YLL065W
YLL067W-A	0.8
YLR001C	0.0
YLR002C	1.03704
YLR003C	0.95652
YLR004C	0.95455
YLR005W	0.93939
YLR006C	0.84615
YLR007W	0.88235
YLR008C	0.66667
YLR009W	1.0
YLR010C
YLR011W	0.96721
YLR012C
YLR014C	0.8
YLR015W	0.0
YLR016C	0.99174
YLR017W
YLR018C	1.2963
YLR019W	0.95082
YLR021W	0.91667
YLR024C	0.95652
YLR025W	0.97183
YLR026C	0.95652
YLR027C	0.90323
YLR028C	0.91667
YLR030W	0.0
YLR031W	0.5
YLR032W
YLR033W
YLR034C	0.875
YLR035C	0.76923
YLR036C
YLR037C	0.0
YLR038C	0.5
YLR039C	0.8
YLR040C
YLR042C	0.5
YLR044C	1.08904
YLR045C	0.66667
YLR046C
YLR049C	0.93939
YLR050C	0.95652
YLR051C	0.96
YLR052W	0.71429
YLR053C	0.0
YLR054C	0.33333
YLR055C	1.0
YLR056W	0.66667
YLR057W	0.91667
YLR058C	0.98611
YLR059C	0.75
YLR060W
YLR063W
YLR064W	0.0
YLR065C
YLR066W	0.0
YLR067C	0.875
YLR068W
YLR070C	0.97917
YLR071C	1.26316
YLR072W	0.875
YLR073C	0.66667
YLR074C	1.15385
YLR075W
YLR076C	0.66667
YLR077W	0.97917
YLR078C	0.91935
YLR079W	0.25
YLR080W	0.6
YLR081W	0.66667
YLR082C	1.08861
YLR083C	0.98387
YLR085C
YLR086W	0.625
YLR087C	0.5
YLR088W
YLR090W	0.96491
YLR092W
YLR093C	0.8
YLR094C	1.0
YLR095C
YLR096W	1.0102
YLR097C	1.02439
YLR098C	0.0
YLR099C
YLR100W
YLR102C	0.90625
YLR103C	1.01515
YLR104W	0.95652
YLR105C	0.88235
YLR106C	0.94595
YLR108C	0.92593
YLR109W	0.90909
YLR110C	0.96667
YLR112W
YLR113W	0.78378
YLR114C
YLR115W	1.22222
YLR116W	0.46154
YLR117C	1.3125
YLR118C
YLR119W	0.92593
YLR120C
YLR121C	0.96667
YLR123C
YLR124W	0.91176
YLR125W	0.91667
YLR126C
YLR127C	0.91667
YLR128W	0.66667
YLR129W	0.88889
YLR130C
YLR131C	0.76923
YLR132C
YLR133W	0.875
YLR134W	0.94203
YLR135W	0.33333
YLR136C	0.9
YLR137W
YLR138W
YLR140W
YLR141W	0.94595
YLR142W
YLR143W	0.5
YLR144C	0.96875
YLR145W
YLR146C	0.0
YLR147C	1.08889
YLR148W	0.94737
YLR149C
YLR150W	0.95652
YLR151C	0.5
YLR152C
YLR153C	1.0
YLR154C	0.8
YLR158C	0.94595
YLR163C	0.75
YLR164W
YLR166C	0.33333
YLR167W
YLR168C	0.97222
YLR170C	0.75
YLR171W	0.0
YLR172C	0.6
YLR173W
YLR174W	0.66667
YLR175W	1.16256
YLR176C	0.76471
YLR177W	0.75
YLR178C
YLR180W	1.23913
YLR181C	0.0
YLR182W	0.66667
YLR183C
YLR185W
YLR186W	1.09375
YLR187W
YLR189C
YLR190W	0.71429
YLR191W	0.67188
YLR192C	1.0
YLR193C
YLR194C
YLR196W	0.90526
YLR197W	0.92105
YLR198C	0.5
YLR199C	0.75
YLR200W	0.89655
YLR201C	0.66667
YLR202C	0.95652
YLR203C	0.95
YLR204W	0.0
YLR205C
YLR206W
YLR207W	0.76923
YLR208W	0.71429
YLR209C	0.97059
YLR210W
YLR211C	0.94595
YLR212C	0.0
YLR213C
YLR214W	0.66667
YLR215C	0.95238
YLR216C	0.83784
YLR217W
YLR218C
YLR219W	0.92308
YLR220W	0.5
YLR221C	0.0
YLR222C	0.97183
YLR223C	0.6
YLR224W	0.90909
YLR225C	0.0
YLR226W	0.92308
YLR227C	0.6
YLR228C
YLR229C	0.97436
YLR231C
YLR233C	0.93023
YLR234W	0.66667
YLR237W
YLR238W	0.94872
YLR239C	0.91892
YLR240W	0.0
YLR241W	0.82609
YLR242C
YLR243W
YLR245C	1.22892
YLR246W	0.0
YLR247C	0.85
YLR248W	0.5
YLR249W	0.57143
YLR250W
YLR251W	0.96667
YLR252W	0.95652
YLR253W
YLR254C	0.875
YLR255C
YLR256W-A
YLR257W
YLR258W	0.71429
YLR259C	1.17872
YLR261C	0.83333
YLR262C	0.9375
YLR263W
YLR264W	0.75
YLR265C	0.75
YLR266C	0.85714
YLR267W	0.9
YLR268W	0.36364
YLR269C
YLR270W
YLR271W	0.96875
YLR273C	0.95455
YLR274W	0.88889
YLR275W	1.0
YLR276C	0.91304
YLR277C	0.71429
YLR278C
YLR281C	0.875
YLR283W
YLR284C	1.13699
YLR285W
YLR287C	0.77778
YLR288C	0.82609
YLR289W	0.83333
YLR290C
YLR291C	1.17213
YLR292C	0.81818
YLR293C	1.17722
YLR294C	0.92593
YLR295C	0.47619
YLR297W	0.0
YLR298C	0.92857
YLR299W	0.0
YLR300W	0.91667
YLR301W	0.93548
YLR303W	0.97059
YLR304C	1.14173
YLR305C	0.66667
YLR306W	0.5
YLR308W
YLR309C
YLR310C	0.68116
YLR311C
YLR312C	0.95918
YLR312W-A
YLR313C	0.625
YLR314C	0.93548
YLR315W	0.9375
YLR316C
YLR317W	0.0
YLR318W
YLR319C	1.0
YLR320W	0.66667
YLR321C	0.98148
YLR322W	0.83333
YLR323C
YLR324W	0.92857
YLR325C	0.66667
YLR326W	0.5
YLR327C	0.66667
YLR328W	1.17708
YLR329W	0.75
YLR330W
YLR331C
YLR332W	0.66667
YLR333C
YLR334C	0.75
YLR335W	1.10638
YLR336C
YLR337C	1.03846
YLR338W
YLR339C	0.0
YLR340W	0.97222
YLR342W	0.72
YLR343W	0.91667
YLR344W
YLR345W	1.0
YLR346C
YLR347C	1.07801
YLR348C
YLR349W
YLR350W	0.0
YLR351C	0.66667
YLR352W	0.95833
YLR353W	0.97917
YLR354C	0.91489
YLR355C	0.78049
YLR356W
YLR357W
YLR358C	0.66667
YLR359W	0.85714
YLR361C
YLR362W	0.95652
YLR363C	0.85714
YLR363W-A
YLR365W
YLR366W	0.5
YLR368W	0.5
YLR369W	0.95652
YLR370C	0.66667
YLR371W	0.42857
YLR372W	1.32692
YLR373C	0.35294
YLR374C
YLR376C
YLR377C	1.09333
YLR378C	0.33333
YLR379W
YLR381W
YLR383W	1.06542
YLR384C	0.90909
YLR385C	0.91667
YLR386W	0.73684
YLR387C	0.0
YLR388W
YLR389C
YLR390W
YLR390W-A	0.6
YLR392C	0.0
YLR393W	0.0
YLR394W	0.66667
YLR395C
YLR396C	0.57143
YLR397C	0.95918
YLR398C	0.0
YLR399C	0.88235
YLR401C	0.97917
YLR403W	0.0
YLR406C
YLR409C
YLR410W
YLR410W-B
YLR411W	0.0
YLR412W	0.0
YLR413W
YLR415C
YLR416C	0.0
YLR417W	0.7
YLR418C	0.95238
YLR420W
YLR421C	0.9
YLR422W	0.66667
YLR423C	0.92623
YLR424W	0.0
YLR425W	0.0
YLR426W	0.97059
YLR427W	1.17778
YLR428C	0.0
YLR429W	0.57143
YLR430W	0.86667
YLR432W	0.84211
YLR433C	1.01316
YLR434C	0.97917
YLR435W	0.0
YLR436C	0.8
YLR437C
YLR438C-A	0.76471
YLR438W	0.88571
YLR439W	0.6
YLR440C	0.0
YLR441C	0.91667
YLR442C	0.92453
YLR443W
YLR446W	0.71429
YLR447C	0.63636
YLR448W
YLR449W	1.12903
YLR450W	0.42857
YLR451W	0.88889
YLR452C	0.61538
YLR453C	0.37209
YLR454W	0.5
YLR455W	0.66667
YLR456W	0.5
YLR457C	0.66667
YLR459W	0.0
YLR460C
YLR461W
YLR462W
YLR465C	0.33333
YLR466W
YML001W	0.75
YML006C	0.84211
YML007W	1.01538
YML008C	0.8
YML009C	0.75
YML010W	0.78947
YML011C	0.86667
YML012W	0.6
YML013W
YML014W	0.71429
YML015C	0.83333
YML016C	0.66667
YML018C
YML019W	0.5
YML020W	0.96875
YML021C
YML022W	0.96875
YML023C	0.5
YML025C	0.0
YML027W
YML028W	0.87037
YML029W	0.71429
YML030W
YML031W	0.7
YML032C	0.88235
YML034W
YML035C
YML036W	0.5
YML037C	0.8
YML038C	0.0
YML041C	0.66667
YML042W	0.89189
YML043C
YML046W	0.0
YML048W	1.15
YML049C	1.19231
YML051W	0.5
YML052W
YML053C
YML054C	0.5
YML055W	0.5
YML056C	0.86667
YML057W	0.77778
YML058W	0.77778
YML059C	0.94737
YML060W	0.5
YML061C	0.0
YML062C	0.97368
YML064C	1.29341
YML065W	0.75
YML067C	0.33333
YML068W
YML069W	0.72727
YML070W	0.0
YML071C	0.75
YML072C
YML074C	0.84211
YML075C	0.2
YML077W
YML078W
YML079W
YML081C-A	0.66667
YML082W
YML085C	1.08333
YML088W
YML089C
YML091C	1.0
YML092C	1.06667
YML093W
YML094C-A
YML094W
YML095C	0.89286
YML097C
YML098W	0.5
YML099C	0.84615
YML100W	0.875
YML101C
YML102W	0.0
YML103C	0.5
YML104C	0.33333
YML105C	0.5
YML106W
YML107C
YML108W	0.66667
YML109W	0.94286
YML110C
YML111W	0.71429
YML112W	0.83333
YML114C
YML115C	0.5
YML116W
YML117W	0.8
YML119W
YML120C
YML121W	0.75
YML123C	0.86111
YML124C	1.05357
YML125C	0.85714
YML126C	0.88235
YML127W
YML129C	0.5
YML130C
YML131W
YML133C
YMR001C	0.85484
YMR002W	0.0
YMR003W	0.0
YMR004W
YMR005W
YMR008C
YMR009W	0.0
YMR010W
YMR011W
YMR012W	0.98039
YMR013C
YMR014W	0.85714
YMR017W	0.66667
YMR018W
YMR019W	0.83333
YMR020W	0.33333
YMR021C	0.92308
YMR022W	0.66667
YMR023C
YMR024W	0.6
YMR025W	0.5
YMR026C	0.5
YMR028W
YMR029C
YMR030W
YMR031C
YMR031W-A
YMR032W	0.87143
YMR033W	1.0
YMR035W
YMR036C	0.84615
YMR038C
YMR039C
YMR041C	0.5
YMR042W	0.66667
YMR043W	0.33333
YMR044W
YMR045C
YMR047C	0.68421
YMR048W	0.89655
YMR049C	1.44643
YMR052W	0.5
YMR053C	0.83333
YMR054W	0.57143
YMR055C	0.91667
YMR056C	0.0
YMR057C
YMR058W	0.88889
YMR059W	0.94
YMR061W	0.78947
YMR063W
YMR064W	0.66667
YMR065W	0.8
YMR066W	0.91489
YMR067C
YMR068W	0.85714
YMR069W
YMR071C
YMR072W	0.83333
YMR074C
YMR075C-A
YMR075W	1.09091
YMR076C
YMR077C	0.0
YMR078C	1.0
YMR079W
YMR080C	0.82609
YMR083W
YMR086W
YMR087W	0.88889
YMR088C	0.5
YMR089C
YMR090W
YMR091C
YMR092C	0.5
YMR093W
YMR094W	0.5
YMR095C	0.8
YMR096W	0.84615
YMR097C	0.0
YMR100W
YMR101C
YMR102C	0.0
YMR103C
YMR104C	0.75
YMR105C	0.73333
YMR106C	1.12745
YMR108W	0.58333
YMR109W	0.71429
YMR110C
YMR111C
YMR112C	0.66667
YMR114C
YMR116C	0.73684
YMR117C	0.66667
YMR118C	0.0
YMR119W
YMR120C	0.75
YMR123W	0.0
YMR124W	0.0
YMR125W	1.05263
YMR127C	0.66667
YMR128W	0.66667
YMR129W	0.85714
YMR131C	0.6
YMR132C
YMR133W	0.0
YMR134W	0.0
YMR135C	0.0
YMR137C	0.95652
YMR138W	0.0
YMR139W	0.7
YMR140W
YMR141C
YMR142C
YMR144W
YMR145C
YMR146C	1.2381
YMR147W	0.6
YMR149W	0.6875
YMR150C
YMR151W	0.75
YMR152W
YMR153W	0.76923
YMR154C	0.66667
YMR155W
YMR156C
YMR157C
YMR158W
YMR159C	0.77778
YMR160W
YMR162C	0.5
YMR163C
YMR165C
YMR167W	0.91429
YMR168C	0.0
YMR171C
YMR172W	1.0
YMR173W	0.0
YMR176W	0.92308
YMR177W
YMR178W	0.0
YMR179W	0.33333
YMR180C	0.5
YMR181C	0.5
YMR182C
YMR183C
YMR184W	0.66667
YMR186W	0.95294
YMR187C
YMR188C
YMR189W
YMR190C	0.71429
YMR192W	0.66667
YMR193W	0.71429
YMR195W	0.0
YMR196W
YMR197C	0.625
YMR198W	0.96
YMR199W	0.55556
YMR200W
YMR201C	0.75
YMR202W
YMR203W	0.0
YMR204C
YMR205C	1.08065
YMR206W
YMR207C
YMR209C
YMR210W
YMR211W
YMR212C
YMR213W	0.71429
YMR214W	0.81481
YMR215W	1.06667
YMR216C	0.625
YMR218C
YMR219W
YMR221C
YMR222C
YMR223W	0.84615
YMR224C	0.66667
YMR225C	0.75
YMR226C	0.975
YMR227C
YMR228W	0.0
YMR229C	0.81818
YMR230W	0.5
YMR231W	0.0
YMR232W	0.5
YMR233W	0.6
YMR234W
YMR235C	0.25
YMR236W	0.86364
YMR237W
YMR238W	0.75
YMR239C	0.97059
YMR240C	0.64286
YMR241W	0.77778
YMR243C	0.33333
YMR244W
YMR246W	0.75
YMR247C
YMR250W
YMR251W
YMR253C
YMR255W	0.5
YMR257C	0.66667
YMR258C
YMR260C
YMR261C
YMR263W	1.07692
YMR264W	0.6
YMR265C
YMR266W
YMR267W	0.5
YMR268C	0.71429
YMR269W
YMR270C
YMR271C	0.8
YMR273C	0.94444
YMR274C	0.75
YMR275C	0.66667
YMR276W	0.6
YMR277W
YMR278W
YMR279C
YMR280C	0.83333
YMR282C	0.66667
YMR284W	0.93103
YMR285C	0.66667
YMR287C
YMR288W	0.75
YMR289W
YMR290C	1.14035
YMR291W	0.85714
YMR292W
YMR293C	0.5
YMR294W	0.375
YMR295C	0.875
YMR296C
YMR297W
YMR298W
YMR299C
YMR300C
YMR302C
YMR303C	0.72727
YMR304W	0.55556
YMR305C	0.66667
YMR306W	0.0
YMR307W	0.8
YMR308C	0.93827
YMR309C	0.93548
YMR310C
YMR311C	0.75
YMR312W	0.5
YMR313C
YMR314W	0.6
YMR315W	0.83333
YMR316W
YMR317W	0.66667
YMR318C
YMR319C	0.93333
YMR322C	0.33333
YMR323W	0.0
YNL001W	0.85714
YNL002C	0.94737
YNL003C
YNL004W	0.5
YNL005C	0.6
YNL006W	0.66667
YNL007C	0.66667
YNL008C	0.0
YNL009W
YNL011C
YNL012W	0.95652
YNL013C
YNL014W
YNL015W	0.84615
YNL016W	0.81818
YNL018C	0.0
YNL019C
YNL020C	0.77778
YNL021W	0.71429
YNL023C	0.88889
YNL024C
YNL025C	0.83333
YNL027W	0.66667
YNL028W	0.0
YNL029C	0.33333
YNL030W	0.82927
YNL032W	0.81818
YNL034W
YNL035C
YNL036W	0.33333
YNL037C	0.82143
YNL038W
YNL039W	0.83333
YNL040W
YNL041C
YNL042W	0.77778
YNL044W	0.95122
YNL045W
YNL046W
YNL047C	0.92857
YNL048W	0.5
YNL049C	0.5
YNL050C
YNL051W
YNL052W
YNL053W	0.86667
YNL054W
YNL055C	0.84
YNL056W	0.66667
YNL058C	0.875
YNL061W	1.03448
YNL062C	0.85714
YNL063W
YNL064C	0.93651
YNL065W
YNL066W
YNL068C	0.83333
YNL070W
YNL071W	0.82353
YNL072W
YNL073W
YNL074C	0.0
YNL075W
YNL076W	0.75
YNL077W
YNL078W	0.5
YNL079C
YNL081C
YNL082W	0.71429
YNL084C	0.71429
YNL085W	0.90909
YNL086W	0.28571
YNL087W
YNL088W	0.71429
YNL090W	0.82609
YNL091W	0.5
YNL092W	0.2
YNL093W	0.71429
YNL094W	0.71429
YNL095C	0.0
YNL096C	0.66667
YNL097C	1.09091
YNL098C	0.5
YNL099C	0.33333
YNL100W
YNL101W	1.0
YNL102W	0.5
YNL103W	0.5
YNL104C
YNL105W
YNL106C	0.0
YNL107W	0.88235
YNL109W
YNL110C	1.14815
YNL112W
YNL113W	1.2
YNL116W	0.77778
YNL118C	0.53846
YNL119W
YNL121C	0.0
YNL122C
YNL124W
YNL125C	0.625
YNL126W
YNL127W	0.875
YNL128W	0.5
YNL129W	0.0
YNL130C	0.7
YNL131W
YNL132W	0.97619
YNL133C
YNL134C
YNL135C	0.46667
YNL136W
YNL137C
YNL138W	0.33333
YNL138W-A
YNL139C	0.97059
YNL140C
YNL141W
YNL142W
YNL144C
YNL145W
YNL146W
YNL147W	0.72727
YNL148C
YNL151C	1.71429
YNL152W	0.5
YNL153C
YNL154C	0.5
YNL155W	0.0
YNL157W
YNL158W
YNL159C	0.88889
YNL160W	0.9
YNL161W	0.71429
YNL163C
YNL164C
YNL165W
YNL166C
YNL167C
YNL169C
YNL171C
YNL172W	0.0
YNL173C	0.0
YNL175C	0.9
YNL176C
YNL178W
YNL180C
YNL181W
YNL182C	0.97297
YNL183C	0.66667
YNL185C
YNL186W
YNL187W	0.0
YNL188W	0.33333
YNL189W	0.73333
YNL190W
YNL191W	0.5
YNL192W
YNL193W
YNL194C	0.5
YNL196C
YNL197C	0.8
YNL199C	0.33333
YNL201C	0.625
YNL202W
YNL204C
YNL205C
YNL206C
YNL207W	0.86207
YNL208W	0.66667
YNL210W
YNL211C
YNL212W
YNL213C
YNL214W	0.5
YNL215W	0.66667
YNL216W	0.0
YNL217W	0.0
YNL218W
YNL219C
YNL220W
YNL221C
YNL222W	0.0
YNL223W
YNL224C
YNL225C	0.0
YNL226W	0.0
YNL227C
YNL228W
YNL229C	0.8125
YNL230C	0.85714
YNL231C
YNL232W	0.8
YNL233W
YNL234W
YNL235C
YNL236W	1.0
YNL237W
YNL238W	0.66667
YNL239W
YNL241C
YNL242W
YNL243W	0.7
YNL244C	0.625
YNL245C
YNL246W	0.33333
YNL248C	1.0
YNL250W	0.57143
YNL251C	0.8
YNL252C	0.6
YNL253W	0.66667
YNL255C
YNL257C
YNL258C
YNL259C
YNL260C
YNL261W	0.0
YNL262W	0.5
YNL263C	0.57143
YNL264C
YNL265C	0.6
YNL266W	0.75
YNL267W
YNL271C	0.25
YNL272C	0.8
YNL273W	0.5
YNL275W
YNL276C
YNL277W	0.0
YNL277W-A
YNL278W
YNL279W	0.66667
YNL280C
YNL281W
YNL282W
YNL284C	0.625
YNL284C-B
YNL285W	0.0
YNL286W
YNL287W
YNL288W	0.5
YNL289W	0.75
YNL290W	1.0
YNL291C
YNL292W	0.5
YNL293W
YNL295W
YNL298W	0.6
YNL300W	0.66667
YNL301C
YNL304W	0.0
YNL306W
YNL307C	0.46154
YNL308C	0.8125
YNL309W	0.75
YNL311C	1.0
YNL312W	0.5
YNL313C	0.75
YNL314W	0.83333
YNL315C
YNL316C
YNL317W	0.0
YNL318C
YNL319W
YNL320W	0.0
YNL321W
YNL323W	0.92308
YNL324W
YNL326C
YNL327W
YNL328C
YNL329C
YNL330C	0.89474
YNL331C	0.75
YNL333W	0.5
YNL334C	0.0
YNL336W
YNL339C
YNR001C	0.92308
YNR002C	0.0
YNR003C	1.33333
YNR004W	0.0
YNR005C
YNR006W
YNR007C	0.0
YNR008W
YNR009W
YNR010W	0.66667
YNR011C	0.0
YNR012W
YNR013C
YNR015W	0.75
YNR016C	0.6
YNR017W	0.0
YNR018W
YNR019W	0.0
YNR022C	0.0
YNR023W	1.07143
YNR024W
YNR025C
YNR026C
YNR027W
YNR028W
YNR029C
YNR030W
YNR031C	0.5
YNR032W	0.0
YNR033W	0.5
YNR034W
YNR035C
YNR036C
YNR037C
YNR039C	0.0
YNR040W	0.75
YNR041C
YNR042W	0.5
YNR043W
YNR045W
YNR046W	0.33333
YNR047W	0.0
YNR048W
YNR049C
YNR050C	0.5
YNR051C
YNR052C	0.83333
YNR053C	0.5
YNR054C
YNR055C
YNR056C
YNR058W
YNR059W
YNR060W
YNR061C
YNR063W	0.5
YNR064C	0.6
YNR065C	0.71429
YNR066C
YNR067C
YNR068C	0.66667
YNR069C	0.5
YNR070W
YNR071C
YNR072W
YNR074C
YNR075W
YOL001W	0.6
YOL002C
YOL003C	1.0
YOL004W	0.63636
YOL005C	0.75
YOL006C	0.0
YOL008W
YOL009C	0.0
YOL010W	0.75
YOL011W	0.0
YOL012C	0.66667
YOL013C
YOL014W	0.0
YOL015W	0.0
YOL016C	0.5
YOL017W	0.83333
YOL018C	0.71429
YOL019W
YOL020W
YOL021C	0.25
YOL022C
YOL024W
YOL028C
YOL030W
YOL031C
YOL032W
YOL033W
YOL034W	0.5
YOL035C	0.0
YOL036W
YOL038W	0.25
YOL039W
YOL041C	0.72222
YOL042W
YOL043C	0.75
YOL044W	0.0
YOL045W
YOL046C
YOL050C
YOL051W	0.93333
YOL052C
YOL054W	0.8
YOL055C	0.76
YOL056W
YOL058W
YOL059W	0.5
YOL061W	0.0
YOL062C
YOL063C	0.9
YOL064C	0.5
YOL065C
YOL066C	0.66667
YOL067C	0.66667
YOL068C	0.0
YOL069W	0.5
YOL070C	0.83333
YOL072W
YOL073C	0.0
YOL075C
YOL077C	0.85714
YOL078W	0.75
YOL080C
YOL081W	0.8
YOL082W	0.53846
YOL083W	0.8
YOL085C
YOL086C	0.46154
YOL087C
YOL088C
YOL089C
YOL090W	0.2
YOL091W
YOL093W
YOL094C	0.375
YOL095C	0.0
YOL097C
YOL098C
YOL099C
YOL100W	0.83333
YOL101C
YOL102C
YOL103W
YOL103W-B	0.0
YOL104C
YOL105C
YOL106W	0.0
YOL107W
YOL108C	0.0
YOL109W
YOL110W
YOL111C	0.6
YOL112W
YOL113W	0.0
YOL115W	0.71429
YOL116W
YOL117W	0.9
YOL118C
YOL122C
YOL123W	0.66667
YOL124C
YOL126C
YOL127W
YOL128C	0.0
YOL129W
YOL130W
YOL131W	0.66667
YOL132W	0.77778
YOL133W	0.52941
YOL135C	0.0
YOL136C
YOL137W
YOL138C
YOL139C	0.33333
YOL140W
YOL142W
YOL143C
YOL144W
YOL145C	0.82353
YOL146W
YOL147C	0.66667
YOL148C	0.86667
YOL149W	0.57143
YOL150C	0.5
YOL151W
YOL152W	0.66667
YOL154W
YOL156W	0.5
YOL159C
YOR001W	0.0
YOR003W
YOR004W
YOR005C	0.66667
YOR006C
YOR007C	0.5
YOR008C
YOR009W
YOR010C
YOR011W
YOR013W
YOR014W	0.92593
YOR016C	0.375
YOR017W
YOR018W
YOR020C
YOR023C
YOR025W
YOR026W
YOR027W	0.8
YOR028C
YOR029W	0.5
YOR031W
YOR032C
YOR033C
YOR034C	0.66667
YOR035C	0.0
YOR036W	0.6
YOR037W	0.6
YOR038C	0.75
YOR039W	0.90625
YOR040W
YOR042W	0.5
YOR043W	0.0
YOR045W	0.66667
YOR046C	0.66667
YOR047C	0.28571
YOR048C
YOR049C	0.5
YOR050C
YOR051C	0.5
YOR053W
YOR054C	0.85714
YOR056C
YOR057W	0.66667
YOR058C
YOR059C
YOR060C
YOR061W	0.92593
YOR062C
YOR063W	0.5
YOR064C	0.66667
YOR065W
YOR066W	0.5
YOR067C
YOR068C
YOR069W	0.66667
YOR070C
YOR071C
YOR072W
YOR073W
YOR074C	0.77778
YOR075W	0.0
YOR076C
YOR078W
YOR079C	0.5
YOR080W	0.5
YOR081C
YOR082C	0.66667
YOR083W	0.0
YOR084W	0.0
YOR085W	0.0
YOR086C
YOR087W
YOR089C	0.0
YOR090C	0.5
YOR092W
YOR093C
YOR095C
YOR096W
YOR097C	0.0
YOR098C	0.38462
YOR099W
YOR100C
YOR101W	0.0
YOR102W
YOR103C
YOR104W
YOR106W	0.0
YOR107W
YOR108W
YOR109W
YOR110W	0.66667
YOR111W
YOR112W
YOR113W
YOR114W	0.66667
YOR115C
YOR116C	0.875
YOR117W	0.6
YOR118W
YOR119C	0.65217
YOR120W
YOR121C
YOR122C	0.0
YOR123C
YOR124C
YOR125C
YOR127W	0.0
YOR128C	0.27273
YOR129C
YOR130C
YOR131C	0.5
YOR132W
YOR133W	0.75
YOR134W
YOR136W	0.7
YOR138C
YOR140W
YOR141C
YOR142W
YOR142W-A
YOR143C
YOR144C
YOR145C
YOR146W	0.0
YOR147W
YOR148C
YOR150W
YOR151C	0.85714
YOR153W
YOR154W	0.66667
YOR155C	0.75
YOR156C	0.66667
YOR157C	0.0
YOR158W
YOR159C	0.66667
YOR160W
YOR161C	0.5
YOR162C
YOR164C	0.5
YOR165W	0.0
YOR167C
YOR171C	0.33333
YOR172W	0.0
YOR173W	0.0
YOR174W
YOR175C
YOR176W
YOR177C	0.0
YOR178C	0.8
YOR179C
YOR180C
YOR181W	0.42857
YOR184W
YOR185C
YOR187W	0.75
YOR188W
YOR189W
YOR190W	0.0
YOR191W	0.5
YOR192C
YOR194C	0.66667
YOR195W
YOR196C
YOR197W	0.5
YOR198C	0.66667
YOR201C	0.0
YOR202W	0.5
YOR204W
YOR205C
YOR206W	0.88889
YOR207C	0.5
YOR208W
YOR209C
YOR210W	1.0
YOR211C
YOR212W	0.57143
YOR213C	0.0
YOR214C
YOR215C	0.8
YOR217W
YOR219C
YOR220W
YOR221C
YOR222W
YOR224C	1.0
YOR225W
YOR226C	0.0
YOR227W
YOR229W	0.5
YOR230W	0.5
YOR231W
YOR232W	0.57143
YOR233W	0.875
YOR236W
YOR239W
YOR241W
YOR242C
YOR243C	0.0
YOR244W	0.0
YOR245C
YOR246C
YOR247W
YOR249C
YOR250C
YOR251C
YOR252W	0.0
YOR254C	0.8
YOR257W	0.0
YOR258W
YOR259C	0.33333
YOR260W	0.66667
YOR261C	0.0
YOR262W
YOR263C
YOR264W	0.4
YOR265W
YOR266W
YOR267C	0.72727
YOR269W
YOR270C	0.5
YOR271C	0.66667
YOR272W	0.57143
YOR273C
YOR274W
YOR275C	0.0
YOR276W
YOR279C
YOR281C
YOR282W
YOR283W
YOR284W	0.75
YOR285W	0.33333
YOR286W
YOR288C	0.0
YOR289W
YOR290C	0.5
YOR292C
YOR293W	0.5
YOR294W	0.0
YOR295W
YOR297C
YOR298C-A
YOR298W
YOR299W	0.5
YOR300W
YOR302W
YOR303W
YOR304W
YOR305W
YOR307C
YOR308C	0.5
YOR309C
YOR310C	0.0
YOR311C	0.0
YOR312C	0.0
YOR313C
YOR314W
YOR315W
YOR316C
YOR317W
YOR318C
YOR319W	0.0
YOR320C
YOR321W
YOR322C
YOR323C
YOR324C	0.83333
YOR325W	0.0
YOR326W
YOR327C	0.0
YOR329C	0.5
YOR331C	0.5
YOR332W	0.75
YOR333C
YOR334W
YOR335C	0.66667
YOR336W
YOR338W
YOR339C	0.66667
YOR340C	0.75
YOR341W	0.8
YOR344C
YOR345C
YOR346W
YOR348C
YOR349W
YOR350C
YOR351C
YOR352W
YOR353C
YOR354C
YOR355W	0.5
YOR356W
YOR358W	0.5
YOR359W
YOR360C
YOR361C	0.57143
YOR362C	0.0
YOR363C
YOR364W
YOR366W
YOR367W
YOR368W	0.0
YOR370C
YOR371C
YOR372C
YOR373W
YOR374W	0.66667
YOR375C
YOR377W
YOR378W
YOR379C
YOR380W	0.0
YOR381W
YOR382W
YOR383C
YOR384W
YOR385W
YOR386W	0.0
YOR387C
YOR388C
YOR389W
YOR390W
YOR392W
YOR393W
YPL001W
YPL002C	0.66667
YPL003W	0.5
YPL004C	0.58333
YPL005W
YPL007C
YPL008W
YPL009C
YPL010W
YPL011C	0.5
YPL012W	0.6
YPL013C
YPL014W
YPL016W	0.0
YPL018W
YPL019C	0.5
YPL020C
YPL022W	0.5
YPL023C
YPL024W
YPL025C
YPL026C	0.0
YPL027W
YPL028W
YPL029W	0.0
YPL031C	0.4
YPL032C
YPL034W	0.0
YPL036W	0.0
YPL037C
YPL038W	0.5
YPL040C
YPL042C	0.33333
YPL043W	0.88889
YPL045W
YPL046C
YPL047W
YPL048W
YPL049C	0.0
YPL050C	0.5
YPL051W	0.66667
YPL052W
YPL053C
YPL055C
YPL056C
YPL057C
YPL059W
YPL060W
YPL061W	0.66667
YPL063W
YPL064C
YPL065W
YPL066W	0.0
YPL067C
YPL068C
YPL070W	0.4
YPL071C
YPL073C
YPL074W
YPL075W
YPL076W	0.5
YPL077C
YPL078C	0.8
YPL082C	0.0
YPL083C
YPL084W	0.33333
YPL085W	0.0
YPL086C	0.0
YPL087W
YPL088W
YPL089C
YPL090C
YPL091W
YPL092W
YPL093W	0.55556
YPL094C	0.66667
YPL095C
YPL096W
YPL097W	0.66667
YPL098C
YPL100W
YPL101W
YPL102C
YPL104W
YPL105C
YPL106C
YPL107W
YPL108W
YPL109C
YPL110C
YPL111W	0.5
YPL112C	0.5
YPL113C
YPL114W
YPL115C	0.5
YPL116W
YPL118W
YPL119C
YPL120W
YPL121C
YPL122C
YPL124W	0.0
YPL125W
YPL126W
YPL127C	0.0
YPL128C	0.0
YPL129W	0.75
YPL130W
YPL131W	0.5
YPL132W
YPL133C
YPL134C
YPL135C-A
YPL135W
YPL136W
YPL137C
YPL138C
YPL139C	0.0
YPL140C	0.5
YPL141C
YPL144W
YPL145C
YPL146C
YPL147W	0.0
YPL149W
YPL150W	0.8
YPL151C	0.0
YPL152W
YPL153C
YPL154C
YPL155C
YPL156C
YPL157W
YPL158C
YPL159C
YPL160W	0.66667
YPL161C	0.0
YPL162C	0.5
YPL163C
YPL164C	0.0
YPL166W
YPL169C
YPL170W
YPL171C
YPL172C
YPL174C	0.0
YPL175W
YPL177C
YPL178W	0.0
YPL179W
YPL180W
YPL181W
YPL183W-A
YPL187W	0.0
YPL188W
YPL189W
YPL190C
YPL191C
YPL192C
YPL193W
YPL194W
YPL195W
YPL196W
YPL200W
YPL201C
YPL202C
YPL203W	0.0
YPL204W	0.0
YPL205C
YPL207W
YPL208W
YPL209C
YPL210C	0.0
YPL211W
YPL212C
YPL213W	0.0
YPL214C
YPL215W
YPL216W
YPL217C
YPL218W
YPL219W
YPL220W
YPL221W
YPL222W
YPL224C
YPL226W
YPL227C	0.25
YPL228W
YPL229W
YPL231W
YPL232W
YPL233W
YPL234C	0.5
YPL235W	0.66667
YPL236C
YPL237W	0.5
YPL238C
YPL240C	0.5
YPL241C
YPL242C
YPL243W	0.0
YPL244C
YPL245W
YPL246C
YPL247C
YPL248C	0.66667
YPL249C	0.5
YPL249C-A	0.5
YPL250C
YPL251W
YPL252C
YPL253C	0.0
YPL254W
YPL255W
YPL256C
YPL257W
YPL257W-B	0.0
YPL258C	0.6
YPL259C	0.25
YPL260W
YPL262W
YPL263C
YPL264C	0.0
YPL265W
YPL266W
YPL267W
YPL269W	0.5
YPL270W
YPL271W
YPL272C
YPL274W
YPL277C
YPL280W
YPR001W
YPR003C
YPR004C
YPR005C
YPR006C
YPR007C
YPR008W
YPR010C	0.6
YPR010C-A
YPR011C
YPR014C
YPR015C
YPR016C	0.0
YPR017C
YPR018W
YPR019W	0.0
YPR020W	0.5
YPR021C
YPR023C
YPR025C
YPR028W
YPR029C
YPR030W
YPR031W
YPR032W	0.66667
YPR033C
YPR034W
YPR035W
YPR036W
YPR037C	0.0
YPR040W
YPR041W	0.66667
YPR042C
YPR045C
YPR046W
YPR047W
YPR048W	0.0
YPR049C
YPR051W
YPR052C
YPR054W	0.0
YPR055W
YPR056W
YPR057W
YPR058W
YPR062W
YPR063C
YPR065W
YPR066W	0.66667
YPR067W	0.66667
YPR068C
YPR069C
YPR070W
YPR071W	0.5
YPR072W
YPR073C
YPR074C
YPR075C
YPR076W
YPR077C
YPR078C
YPR079W	0.0
YPR081C	0.5
YPR082C	0.0
YPR083W
YPR084W
YPR085C
YPR086W	0.0
YPR088C
YPR091C
YPR093C
YPR094W	0.0
YPR095C
YPR096C
YPR097W
YPR099C
YPR100W
YPR101W	0.0
YPR102C
YPR103W
YPR104C
YPR105C	0.0
YPR106W	0.0
YPR107C
YPR108W
YPR110C	0.0
YPR111W	0.0
YPR112C	0.5
YPR113W
YPR114W
YPR115W
YPR118W
YPR119W
YPR120C	0.0
YPR121W
YPR122W
YPR123C
YPR124W
YPR125W
YPR126C
YPR128C
YPR129W
YPR130C
YPR132W
YPR133C
YPR134W
YPR135W
YPR136C
YPR137C-A
YPR137C-B
YPR137W
YPR138C
YPR141C
YPR143W
YPR144C
YPR145W
YPR148C
YPR149W
YPR152C
YPR154W	0.0
YPR155C
YPR156C
YPR157W
YPR159W
YPR160C-A
YPR160W
YPR161C
YPR162C
YPR163C
YPR164W
YPR165W
YPR167C
YPR168W
YPR169W
YPR171W
YPR172W
YPR173C
YPR174C
YPR175W
YPR176C
YPR177C
YPR178W	0.0
YPR179C
YPR180W
YPR181C
YPR182W
YPR183W
YPR184W
YPR185W
YPR187W
YPR188C
YPR189W
YPR190C
YPR191W
YPR193C
YPR194C
YPR198W
YPR201W
YPR203W
